source_id,source_field,project_field,unit,start_year,end_year,role,zero_semantics,missing_rule,status
wdi,EG.EGY.PRIM.PP.KD,energy_intensity_mj_per_ppp_gdp,MJ_per_2021_PPP_GDP,1996,2024,outcome,valid_measured_zero,api_null_remains_missing,approved_main
wdi,EG.FEC.RNEW.ZS,renewable_energy_consumption_share,percent_total_final_energy,1996,2024,control,valid_measured_zero,api_null_remains_missing,approved_control
wdi,EN.GHG.CO2.MT.CE.AR5,co2_emissions_mt_excluding_lulucf_ar5,Mt_CO2e_excluding_LULUCF_AR5,1996,2024,outcome_input,valid_measured_zero,api_null_remains_missing,approved_main
wdi,NE.TRD.GNFS.ZS,trade_openness_percent_gdp,percent_GDP,1996,2024,control,valid_measured_zero,api_null_remains_missing,approved_control
wdi,NV.IND.TOTL.ZS,industry_value_added_share,percent_GDP,1996,2024,control,valid_measured_zero,api_null_remains_missing,approved_control
wdi,NY.GDP.MKTP.CD,gdp_current_usd,current_USD,1996,2024,denominator_control,nonpositive_invalid_for_ratio,api_null_remains_missing,approved_main
wdi,NY.GDP.PCAP.CD,gdp_per_capita_current_usd,current_USD_per_person,1996,2024,control,nonpositive_invalid_for_log,api_null_remains_missing,approved_control
wdi,SP.POP.TOTL,population,persons,1996,2024,denominator_sample,nonpositive_invalid,api_null_remains_missing,approved_main
wdi,EN.ATM.CO2E.KT,rejected_co2_kt,kt_CO2,1996,2024,rejected,not_applicable,never_enter_authoritative_table,rejected_retired_code
irena,Country_ELECCAP_2026_H1,renewable_capacity_mw,MW,2000,2025,outcome_input,valid_installed_zero,source_null_remains_missing,approved_main
irena,Country_ELECGEN_2025_H2,renewable_generation_gwh,GWh,2000,2023,descriptive_control,valid_generation_zero,source_null_remains_missing,approved_descriptive
irena,RE-SHARE_2026_H1:capacity,renewable_capacity_share,percent,2000,2025,descriptive_control,valid_measured_zero,source_null_remains_missing,approved_descriptive
irena,RE-SHARE_2026_H1:generation,renewable_generation_share,percent,2000,2025,descriptive_control,valid_measured_zero,source_null_remains_missing,approved_descriptive
openalex,green_works,green_works,count,1992,2024,gad_component,zero_valid_only_with_normal_total_works,abnormal_or_absent_coverage_is_missing,approved_main
openalex,total_works,total_works,count,1992,2024,coverage_denominator,zero_is_abnormal,absent_country_year_is_missing,approved_main
openalex,green_total_matching_works,global_green_matching_works,count,1992,2024,coverage_audit,zero_is_abnormal,absent_year_is_missing,approved_audit
openalex,total_all_matching_works,global_total_matching_works,count,1992,2024,coverage_audit,zero_is_abnormal,absent_year_is_missing,approved_audit
ilostat,EMP_TEMP_SEX_OC2_NB_A,technical_occupation_employment_primary,persons,1996,2024,mechanism,valid_reported_zero,no_cross_series_splice_or_interpolation,approved_main
ilostat,EMP_5EMP_SEX_OC2_NB_A,technical_occupation_employment_icls19,persons,2000,2024,robustness_mechanism,valid_reported_zero,no_cross_series_splice_or_interpolation,approved_robustness
ilostat,EMP_STEM_SEX_OC2_NB_A,stem_occupation_employment_icls19,persons,2000,2024,robustness_mechanism,valid_reported_zero,no_cross_series_splice_or_interpolation,approved_robustness
oecd_tiva,DFD_FVA,foreign_value_added_in_final_demand,USD_millions,1995,2022,gad_component_input,valid_reported_zero,no_interpolation,approved_main
oecd_tiva,FD_VA,total_value_added_in_final_demand,USD_millions,1995,2022,gad_denominator,nonpositive_invalid_for_ratio,no_interpolation,approved_main
oecd_tiva,PROD,industry_output,USD_millions,2000,2022,baseline_weight,nonpositive_invalid_for_weight_denominator,no_interpolation,approved_main
oecd_tiva,EXGR_DVA:PT_EXGR,domestic_value_added_share,percent_gross_exports,2000,2022,outcome,valid_reported_zero,no_interpolation,approved_main
oecd_tiva,EXGR,exports_gross,USD_millions,2000,2022,validation,valid_reported_zero,no_interpolation,approved_validation
oecd_tiva,EXGR_FVA:PT_EXGR,foreign_value_added_share_exports,percent_gross_exports,2000,2022,validation,valid_reported_zero,no_interpolation,approved_validation
oecd_tiva,IMGR,imports_gross,USD_millions,2000,2022,validation,valid_reported_zero,no_interpolation,approved_validation
oecd_tiva,IMGR_DVA,domestic_value_added_in_imports,USD_millions,2000,2022,validation,valid_reported_zero,no_interpolation,approved_validation
oecd_tiva,VALU,value_added,USD_millions,2000,2022,validation,valid_reported_zero,no_interpolation,approved_validation
oecd_eps,POL_STRINGENCY:EPS,environmental_policy_stringency_index,index_0_to_6,1990,2020,robustness_control,valid_reported_zero,no_interpolation_or_sample_filter,approved_robustness
oecd_eps,POL_STRINGENCY:policy_components,environmental_policy_component_index,index_0_to_6,1990,2020,robustness_control,valid_reported_zero,no_interpolation_or_sample_filter,approved_robustness
oecd_ifcma,Policy Instrument ID:Instrument / subscheme,climate_policy_instrument_count,count,1990,2026,robustness_control,valid_no_instrument_zero,deduplicate_instrument_subscheme_before_count,approved_robustness
oecd_ifcma,Status,climate_policy_status,categorical,1990,2026,robustness_control,not_applicable,absence_never_defines_main_sample,approved_robustness
