hs07,list_name,category,product_description,source_hs_revision,source_id,source_sha256,source_location,extraction_rule_id,review_status
441872,apec,APEC,"Other Assembled Flooring Panels, Multilayer, of Bamboo (44187210)",HS2007,apec_environmental_goods_54_2012,100a6f1cad8e2a9ced9bb7f9a656c2b24e5e354a18d959c9c0325084ddb70651,HTML table 0 source row 2,apec_hs2007_with_declared_revision_fallback_v1:HS2007,reviewed
840290,apec,APEC,"Steam or other vapour generating boilers (other than central heating hot water boilers capable also of producing low pressure steam); super-heated water boilers. [Ca, J, NZ, K]  Steam or other vapour generating boilers (other than central heating hot water boilers capable also of producing low pressure steam); super-heated water boilers; Parts: [US]  Parts for super-heated water boilers and steam or other vapour generation boilers (other than centra heating hot water boilers) [HK]  Super-heated water boilers and parts of steam generating boilers [S, BD]",HS2007,apec_environmental_goods_54_2012,100a6f1cad8e2a9ced9bb7f9a656c2b24e5e354a18d959c9c0325084ddb70651,HTML table 0 source row 3,apec_hs2007_with_declared_revision_fallback_v1:HS2007,reviewed
840410,apec,APEC,"Auxiliary plant for use with boilers of heading 84.02 or 84.03 (for example, economisers, super-heaters, soot removers, gas recovers'); condensers for steam or other vapour power units. [C, J, NZ, K, Au, Ru, M, BD]  Auxiliary plant for use with boilers of heading 8402 or 8403 (for example, economizers, super-heaters, soot removers, gas recovers'). [US]  Auxiliary plant for use with steam or other vapour generating boilers, super-heated water boilers and central heating boilers. [HK]  Auxiliary plant for steam, water and central boiler [S]",HS2007,apec_environmental_goods_54_2012,100a6f1cad8e2a9ced9bb7f9a656c2b24e5e354a18d959c9c0325084ddb70651,HTML table 0 source row 4,apec_hs2007_with_declared_revision_fallback_v1:HS2007,reviewed
840420,apec,APEC,"Auxiliary plant for use with boilers of heading 84.02 or 84.03 (for example, economisers, super-heaters, soot removers, gas recovers'); condensers for steam or other vapour power units.",HS2007,apec_environmental_goods_54_2012,100a6f1cad8e2a9ced9bb7f9a656c2b24e5e354a18d959c9c0325084ddb70651,HTML table 0 source row 5,apec_hs2007_with_declared_revision_fallback_v1:HS2002_fallback,reviewed
840490,apec,APEC,"Parts for auxiliary plant for boilers, condensers for steam, vapour power unit. [Ca, J, NZ, K]  Auxiliary plant for use with boilers of heading 8402 or 8403 (for example, economizers, super-heaters, soot removers, gas recovers'); condensers for steam or other vapour power units; Parts. [US, Au, Ru]  Parts for subheading 840410100 [M, BD]",HS2007,apec_environmental_goods_54_2012,100a6f1cad8e2a9ced9bb7f9a656c2b24e5e354a18d959c9c0325084ddb70651,HTML table 0 source row 6,apec_hs2007_with_declared_revision_fallback_v1:HS2007,reviewed
840690,apec,APEC,"Parts for steam and other vapour turbines. [Ca, J, NZ, K, Au, BD]  Parts of steam turbines. [US, M]",HS2007,apec_environmental_goods_54_2012,100a6f1cad8e2a9ced9bb7f9a656c2b24e5e354a18d959c9c0325084ddb70651,HTML table 0 source row 7,apec_hs2007_with_declared_revision_fallback_v1:HS2007,reviewed
841182,apec,APEC,"Other gas turbines of a power exceeding 5,000 kW. [Ca, J, NZ, US, Au, Th, S, BD]  Gas turbines, except turbo-jets and turbo-propellers, of a power exceeding 5,000 kW. [HK]  Turbojets, turbo-propellers and other gas turbines of a power exceeding 5,000 kW [M]",HS2007,apec_environmental_goods_54_2012,100a6f1cad8e2a9ced9bb7f9a656c2b24e5e354a18d959c9c0325084ddb70651,HTML table 0 source row 8,apec_hs2007_with_declared_revision_fallback_v1:HS2007,reviewed
841199,apec,APEC,Parts of gas turbines.,HS2007,apec_environmental_goods_54_2012,100a6f1cad8e2a9ced9bb7f9a656c2b24e5e354a18d959c9c0325084ddb70651,HTML table 0 source row 9,apec_hs2007_with_declared_revision_fallback_v1:HS2012_fallback,reviewed
841290,apec,APEC,"Engine and motor parts, nesoi [US]  Parts of the engines & motors of 8412.10-8412.80 [S, BD]",HS2007,apec_environmental_goods_54_2012,100a6f1cad8e2a9ced9bb7f9a656c2b24e5e354a18d959c9c0325084ddb70651,HTML table 0 source row 10,apec_hs2007_with_declared_revision_fallback_v1:HS2007,reviewed
841780,apec,APEC,"Other industrial or laboratory furnaces and ovens, including incinerators, non-electric [Ca, J, NZ, K, Au, Ru, M, BD]  Industrial or laboratory furnaces and ovens, including incinerators, nonelectric, and parts thereof: Other, except parts. [US]  Municipal Waste Incinerator (ex-84178090); incinerators for radioactive waste (84178020) [Ch]",HS2007,apec_environmental_goods_54_2012,100a6f1cad8e2a9ced9bb7f9a656c2b24e5e354a18d959c9c0325084ddb70651,HTML table 0 source row 11,apec_hs2007_with_declared_revision_fallback_v1:HS2007,reviewed
841790,apec,APEC,"Industrial or laboratory furnaces and ovens, including incinerators, non-electric: Parts. [Ca, J, NZ, K, Au, Ru, M]  Industrial or laboratory furnaces and ovens, including incinerators, nonelectric, and parts thereof: Parts. [US]  Parts [BD]",HS2007,apec_environmental_goods_54_2012,100a6f1cad8e2a9ced9bb7f9a656c2b24e5e354a18d959c9c0325084ddb70651,HTML table 0 source row 12,apec_hs2007_with_declared_revision_fallback_v1:HS2007,reviewed
841919,apec,APEC,"Instantaneous or storage water heaters, non-electric (other than instantaneous gas water heaters). [Ca, J, NZ, K, HK, BD]  Instantaneous or storage water heaters, non-electric: Other [US, Au]  Solar water heaters [S]  Solar water heaters (84191910) [Ch]",HS2007,apec_environmental_goods_54_2012,100a6f1cad8e2a9ced9bb7f9a656c2b24e5e354a18d959c9c0325084ddb70651,HTML table 0 source row 13,apec_hs2007_with_declared_revision_fallback_v1:HS2007,reviewed
841939,apec,APEC,"Dryers, other:",HS2007,apec_environmental_goods_54_2012,100a6f1cad8e2a9ced9bb7f9a656c2b24e5e354a18d959c9c0325084ddb70651,HTML table 0 source row 14,apec_hs2007_with_declared_revision_fallback_v1:HS2007,reviewed
841960,apec,APEC,Machinery for liquefying air or other gases.,HS2007,apec_environmental_goods_54_2012,100a6f1cad8e2a9ced9bb7f9a656c2b24e5e354a18d959c9c0325084ddb70651,HTML table 0 source row 15,apec_hs2007_with_declared_revision_fallback_v1:HS2007,reviewed
841989,apec,APEC,"Machinery, plant or laboratory equipment, whether or not electrically heated (excluding furnaces, ovens and other equipment of heading 85.14), for the treatment of materials by a process involving a change of temperature such as heating, cooking, roasting, distilling, rectifying, sterilising, pasteurising, steaming, drying, evaporating, vaporising, condensing or cooling, other than machinery or plant of a kind used for domestic purposes; instantaneous or storage water heaters, non-electric. [Ca, J, NZ, Au]  Industrial machinery, plant or equipment for the treatment of materials, by process involving a change in temperature, nesoi. [US]  Machinery, plant or laboratory equipment - Other machinery, plant and equipment: Other. [Ru]  Chlorine dioxide generator; Other Machinery, Plant & Equip For Treat of Mat. B (84198990) [Ch]  Other machinery, plan or laboratory equipment [S]",HS2007,apec_environmental_goods_54_2012,100a6f1cad8e2a9ced9bb7f9a656c2b24e5e354a18d959c9c0325084ddb70651,HTML table 0 source row 16,apec_hs2007_with_declared_revision_fallback_v1:HS2007,reviewed
841990,apec,APEC,"Parts of machinery, plant and equipment [BD] of heading No 84.19. [Ca, J, NZ, CT, Au, Ru]  Parts of machinery, plant or laboratory equipment for the treatment of material involving temperature change (except domestic machinery), nesoi. [US]  Parts of machinery, plant or laboratory equipment of heading 84.19 [S]  Parts, other [M]  Parts of Water Heaters (84199010) [Ch]",HS2007,apec_environmental_goods_54_2012,100a6f1cad8e2a9ced9bb7f9a656c2b24e5e354a18d959c9c0325084ddb70651,HTML table 0 source row 17,apec_hs2007_with_declared_revision_fallback_v1:HS2007,reviewed
842121,apec,APEC,"Filtering or purifying machinery and apparatus for liquids: for filtering or purifying water. [Ca, J, NZ, K, Au, Ru, S]  Water filtering or purifying [M] machinery and apparatus. [US, BD]  Household filtering or purifying water machinery and equipment (84212110), Device for the removal of Heavy metal ions for industry uses; Membrane bioreactor; High rate anaerobic reactors; reverse osmosis filters for industry uses; Water purification Machine; EDI ultra-pure water equipment (ex-84212190) [Ch]",HS2007,apec_environmental_goods_54_2012,100a6f1cad8e2a9ced9bb7f9a656c2b24e5e354a18d959c9c0325084ddb70651,HTML table 0 source row 18,apec_hs2007_with_declared_revision_fallback_v1:HS2007,reviewed
842129,apec,APEC,"Filtering or purifying machinery and apparatus for liquids: other. [Ca, J, NZ, US, K, Au]  Other [M]  Press Filters (84212910); etching solution recycling equipment for printed circuit board; equipment for the recycling and treatment of reclaimed water; ion exchanger; complete sets of equipment for alkali recovery of black liquor; aerator; electrodialysis device (ex-84212990) [Ch]",HS2007,apec_environmental_goods_54_2012,100a6f1cad8e2a9ced9bb7f9a656c2b24e5e354a18d959c9c0325084ddb70651,HTML table 0 source row 19,apec_hs2007_with_declared_revision_fallback_v1:HS2007,reviewed
842139,apec,APEC,"Filtering or purifying machinery and apparatus for gas (other than intake air filters for internal combustion engines). [Ca, J, NZ, K, S]  Filtering or purifying machinery and apparatus for gases, nesoi. [US, Au, Th]  Laminar flow units [M]  Filtering Purifying Machines For Gases Nes, Househ (84213910); Electrostatic Dust Collectors For Industry Uses(84213921); Baghoused Dust Collectors For Industry Uses (84213922); Cyclone Dust Collectors For Industry Uses (84213923); Other Dust Collectors for Industry Uses (84213929); Flue Gas Desulfurization Apparatus (84213940); Spraying Saturator; Concentrated adsorption - catalytic combustion equipment; Activated carbon fiber - granular activated carbon equipment; (ex-84213990) [Ch]",HS2007,apec_environmental_goods_54_2012,100a6f1cad8e2a9ced9bb7f9a656c2b24e5e354a18d959c9c0325084ddb70651,HTML table 0 source row 20,apec_hs2007_with_declared_revision_fallback_v1:HS2007,reviewed
842199,apec,APEC,"Centrifuges, including centrifugal dryers; filtering or purifying machinery and apparatus, for liquids or gases: parts (other than of centrifuges and centrifugal dryers): filtering or purifying machinery and appartatus for water and parts thereof. [Ca, J, NZ, K] Parts for filtering or purying machinery and apparatus forliquids or gases [US] Centrifuges, including centrifugal dryers; filtering or purifying machinery and apparatus, for liquids or gases: parts (other) [Au] for subheading 842129300 [M, BD]  Parts Of Household Filtering and Purifying Machines For Gases (84219910) [Ch]",HS2007,apec_environmental_goods_54_2012,100a6f1cad8e2a9ced9bb7f9a656c2b24e5e354a18d959c9c0325084ddb70651,HTML table 0 source row 21,apec_hs2007_with_declared_revision_fallback_v1:HS2007,reviewed
847420,apec,APEC,"Crushing or grinding machines.[Ca, J, NZ, US, K, CT, Au, Ru]  Crushing/grinding machines for earth/stone/ores/other mineral substance, in solid (incl. powder/paste) form [S]  Machinery for sorting, screening, separating, washing, crushing, grinding, mixing or kneading earth, stone, ores or other mineral substances, in solid (including powder or paste) form; machinery for agglomerating, shaping or moulding solid mineral fuels, ceramic paste, unhardened cements, plastering materials or other mineral products in powder or paste form; machines for forming foundry moulds of sand. Crushing or grinding machines, mixing or kneading machines [M]",HS2007,apec_environmental_goods_54_2012,100a6f1cad8e2a9ced9bb7f9a656c2b24e5e354a18d959c9c0325084ddb70651,HTML table 0 source row 22,apec_hs2007_with_declared_revision_fallback_v1:HS2007,reviewed
847982,apec,APEC,"Mixing, kneading, crushing, grinding, screening, sifting, homogenising, emulsifying or stirring machines not elsewhere specified in Chapter 84. [Ca, J, NZ, K, CT, S]  Mixing, kneading, crushing, grinding, screening, sifting, homogenizing, emulsifying or stirring machines. [US, Ru, BD]  Waste sorting, screening, crushing, grinding, shredding, washing and compacting devices. Agitator for wastewater treatment; flash mixer and flocculator. [Au]  Dosing and mixing equipment for water treatment (ex-84798200); Recycling equipment for waste plastics /rubber /broken tire (84798200) [Ch]",HS2007,apec_environmental_goods_54_2012,100a6f1cad8e2a9ced9bb7f9a656c2b24e5e354a18d959c9c0325084ddb70651,HTML table 0 source row 23,apec_hs2007_with_declared_revision_fallback_v1:HS2007,reviewed
847989,apec,APEC,"Machines and mechanical appliances having individual functions, not specified or included elsewhere in this Chapter: Other. [Ca, J, NZ, US, CT, Ru]  Other machines & mechanical appliances, other than Machines & mechanical appliances for treating metal, incl. Industrial catalysers, electric wire coil-winders/ Mixing/ kneading/ crushing/ grinding/ screening/ sifting/ homogenising/ emulsifying/ stirring machines [S]  Air Humidifiers Or Dehumidifiers (84798920); Machines For Squeezing Radioactive Waste (84798950); Suction Machine; Mud Scraper; Sand suction machine; Trash compactor;Vacuum extruder for making hollow brick with Gangue and fly ash; (Fan) muffler (ex-84798999) [Ch]",HS2007,apec_environmental_goods_54_2012,100a6f1cad8e2a9ced9bb7f9a656c2b24e5e354a18d959c9c0325084ddb70651,HTML table 0 source row 24,apec_hs2007_with_declared_revision_fallback_v1:HS2007,reviewed
847990,apec,APEC,"Parts of the mach. and mech. appls. of 84.79 [Ca, J, NZ, CT, US, Ru]  Parts of Machines & mechanical appliances having individual functions, not specified/incld. elsewhere in this Ch. [S]  Parts Of Air Humidifiers Or Dehumidifiers (84799020) [Ch]",HS2007,apec_environmental_goods_54_2012,100a6f1cad8e2a9ced9bb7f9a656c2b24e5e354a18d959c9c0325084ddb70651,HTML table 0 source row 25,apec_hs2007_with_declared_revision_fallback_v1:HS2007,reviewed
850164,apec,APEC,"AC generators (alternator), of an output exceeding 750 kVA",HS2007,apec_environmental_goods_54_2012,100a6f1cad8e2a9ced9bb7f9a656c2b24e5e354a18d959c9c0325084ddb70651,HTML table 0 source row 26,apec_hs2007_with_declared_revision_fallback_v1:HS2007,reviewed
850231,apec,APEC,"Other electric generating sets: Wind-powered. [Ca, J, NZ, US, K, HK, Ru, M]  Wind-powered electric generating sets [S]  Wind-powered electric generating equipment [T]  Electric generating sets and rotary convertors: Wind-powered [BD]  Wind-Powered Electric Generating Sets (85023100) [Ch]",HS2007,apec_environmental_goods_54_2012,100a6f1cad8e2a9ced9bb7f9a656c2b24e5e354a18d959c9c0325084ddb70651,HTML table 0 source row 27,apec_hs2007_with_declared_revision_fallback_v1:HS2007,reviewed
850239,apec,APEC,"Electric generating sets and rotary convertors: other. [Ca, J, NZ, K, Ru, BD]  Generating sets, electric, nesoi. [US, Au]  Biogas generator sets; Gas Generator (ex-85023900) [Ch]",HS2007,apec_environmental_goods_54_2012,100a6f1cad8e2a9ced9bb7f9a656c2b24e5e354a18d959c9c0325084ddb70651,HTML table 0 source row 28,apec_hs2007_with_declared_revision_fallback_v1:HS2002_fallback,reviewed
850300,apec,APEC,"Parts suitable for use solely or principally with the machines of heading 8501 or 8502. [Ca. J, NZ, CT, Au, Ru, Th, M, BD]  Parts for 850231 and optional ex-out may include: 850239x. Parts suitable for use solely or principally with the machines of heading 85.01 or 85.02 Parts of the generators and generating sets listed under HS 850231 (for renewable energy systems). Relevant parts include for instance nacelles and blades for wind turbines. [S]  Parts of Wind-Powered Electric Generating Sets (85030030) [Ch]",HS2007,apec_environmental_goods_54_2012,100a6f1cad8e2a9ced9bb7f9a656c2b24e5e354a18d959c9c0325084ddb70651,HTML table 0 source row 29,apec_hs2007_with_declared_revision_fallback_v1:HS2007,reviewed
850490,apec,APEC,"Parts for electrical transformers, static converters and inductors",HS2007,apec_environmental_goods_54_2012,100a6f1cad8e2a9ced9bb7f9a656c2b24e5e354a18d959c9c0325084ddb70651,HTML table 0 source row 30,apec_hs2007_with_declared_revision_fallback_v1:HS2012_fallback,reviewed
851410,apec,APEC,Resistance heated furnaces and ovens  Industrial or laboratory electric furnaces and ovens (including those functioning by induction or dielectric loss); other industrial or laboratory equipment for the heat treatment of materials by induction or dielectric loss: resistance heated furnaces and ovens [M]  Controlled Atmosphere Heat Treatment Furnace (85141010); Industrial / Lab Electric Resistance Heated Furnace (85141090) [Ch],HS2007,apec_environmental_goods_54_2012,100a6f1cad8e2a9ced9bb7f9a656c2b24e5e354a18d959c9c0325084ddb70651,HTML table 0 source row 31,apec_hs2007_with_declared_revision_fallback_v1:HS2007,reviewed
851420,apec,APEC,Furnaces and ovens; functioning by induction or dielectric loss.  Industry / Lab Electric Induction or Dielectric Fu (85142000) [Ch],HS2007,apec_environmental_goods_54_2012,100a6f1cad8e2a9ced9bb7f9a656c2b24e5e354a18d959c9c0325084ddb70651,HTML table 0 source row 32,apec_hs2007_with_declared_revision_fallback_v1:HS2007,reviewed
851430,apec,APEC,"Other furnaces and ovens. [Ca, J, NZ, K, CT, Au, Ru, M]  Industrial or laboratory electric furnaces and ovens, nesoi. [US]  Industrial & Laboratory Electric Furnaces & Ovens (85143000) [Ch]",HS2007,apec_environmental_goods_54_2012,100a6f1cad8e2a9ced9bb7f9a656c2b24e5e354a18d959c9c0325084ddb70651,HTML table 0 source row 33,apec_hs2007_with_declared_revision_fallback_v1:HS2007,reviewed
851490,apec,APEC,"Parts of industrial or laboratory electric furnaces and ovens; other laboratory induction or dielectric heating equipment. [Ca, J, NZ, K, CT, M]  Parts for industrial or laboratory electric furnaces and ovens (including those functioning by induction or dielectric loss); parts for other industrial or laboratory equipment for the heat treatment of materials by induction or dielectric loss. [US, Au, Ru]",HS2007,apec_environmental_goods_54_2012,100a6f1cad8e2a9ced9bb7f9a656c2b24e5e354a18d959c9c0325084ddb70651,HTML table 0 source row 34,apec_hs2007_with_declared_revision_fallback_v1:HS2007,reviewed
854140,apec,APEC,"Photosensitive semiconductor devices, including photovoltaic cells whether or not assembled in modules or made up into panels; light emitting diodes. [C, J, NZ, US, K, HK, CT, Au, Th, S, M, BD]  Diodes, transistors and similar semiconductor devices; photosensitive semiconductor devices, including photovoltaic cells whether or not assembled in modules or made up into panels; light emitting diodes; mounted piezo-electric crystals: Photosensitive semiconductor devices, including photovoltaic cells whether or not assembled in modules or made up into panels; light emitting diodes [M] Solar Cells (85414020) [Ch]",HS2007,apec_environmental_goods_54_2012,100a6f1cad8e2a9ced9bb7f9a656c2b24e5e354a18d959c9c0325084ddb70651,HTML table 0 source row 35,apec_hs2007_with_declared_revision_fallback_v1:HS2007,reviewed
854390,apec,APEC,"Parts of the machines and apparatus of 85.43 [Ca, Ja, NZ, K, CT, Au, Ru, S]  Parts of other machines / apparatus of heading 85.43 (85439090) [Ch]",HS2007,apec_environmental_goods_54_2012,100a6f1cad8e2a9ced9bb7f9a656c2b24e5e354a18d959c9c0325084ddb70651,HTML table 0 source row 36,apec_hs2007_with_declared_revision_fallback_v1:HS2007,reviewed
901380,apec,APEC,"Optical devices, appliances and instruments, nesoi",HS2007,apec_environmental_goods_54_2012,100a6f1cad8e2a9ced9bb7f9a656c2b24e5e354a18d959c9c0325084ddb70651,HTML table 0 source row 37,apec_hs2007_with_declared_revision_fallback_v1:HS2012_fallback,reviewed
901390,apec,APEC,"parts and accessories for optical devices, appliances and instruments, nesoi",HS2007,apec_environmental_goods_54_2012,100a6f1cad8e2a9ced9bb7f9a656c2b24e5e354a18d959c9c0325084ddb70651,HTML table 0 source row 38,apec_hs2007_with_declared_revision_fallback_v1:HS2012_fallback,reviewed
901580,apec,APEC,"Other surveying, hydrographic, oceanographic, hydrological, meteorological or geophysical instruments and appliances, excluding compasses, not elsewhere specified in 90.15 [Ca, J, NZ, K, CT]  Surveying instruments and appliances, hydrographic, oceanographic, hydrological, meteorological or geophysical instruments and appliances nesoi [US, Au]",HS2007,apec_environmental_goods_54_2012,100a6f1cad8e2a9ced9bb7f9a656c2b24e5e354a18d959c9c0325084ddb70651,HTML table 0 source row 39,apec_hs2007_with_declared_revision_fallback_v1:HS2002_fallback,reviewed
902610,apec,APEC,"Instruments for measuring or checking the flow, level, pressure or other variables of liquids or gases. [Ca, J, NZ, K]  Instruments and apparatus for measuring or checking the flow or level of liquids. [US, CT, Au, BD]  Instruments and apparatus for measuring or checking the flow, level, pressure or other variables of liquids or gases (for example, flow meters, level gauges, manometers, heat meter), excluding instruments and apparatus of heading 9014, 9015, 9028 or 9032. For measuring or checking the flow or level of liquids [M]  Instruments / Apparatus For Measure / Checking Liq (90261000) [Ch]",HS2007,apec_environmental_goods_54_2012,100a6f1cad8e2a9ced9bb7f9a656c2b24e5e354a18d959c9c0325084ddb70651,HTML table 0 source row 40,apec_hs2007_with_declared_revision_fallback_v1:HS2007,reviewed
902620,apec,APEC,"Instruments and apparatus for measuring or checking pressure. [Ca, J, NZ, K, CT, Au]  Instruments and apparatus for measuring or checking pressure of liquids or gases, nesoi. [US]  For measuring and checking pressure [M]  Other Instruments / Apparatus For Measuring / Chec (90262090) [Ch]",HS2007,apec_environmental_goods_54_2012,100a6f1cad8e2a9ced9bb7f9a656c2b24e5e354a18d959c9c0325084ddb70651,HTML table 0 source row 41,apec_hs2007_with_declared_revision_fallback_v1:HS2007,reviewed
902680,apec,APEC,"Other instruments and apparatus [Ca, J, NZ, K, CT, Au, M]  Instruments and apparatus for measuring or checking other variables of liquids or gases, nesoi. [US]",HS2007,apec_environmental_goods_54_2012,100a6f1cad8e2a9ced9bb7f9a656c2b24e5e354a18d959c9c0325084ddb70651,HTML table 0 source row 42,apec_hs2007_with_declared_revision_fallback_v1:HS2007,reviewed
902690,apec,APEC,"Parts and accessories [M] for articles of subheading 9026. [Ca, J, NZ, CT, K]  Parts and accessories for instruments and apparatus for measuring or checking the flow, level, pressure or other variables of liquids or gases, nesoi. [US]  Instruments and apparatus for measuring or checking the flow, level, pressure or other variables of liquids or gases (for example, flow meters, level gauges, manometers, heat meters), excluding instruments and apparatus of heading 90.14, 90.15, 90.28 or 90.32 [Au]  Parts of liquid and gas measurement/ test instrument (90269000) [Ch]",HS2007,apec_environmental_goods_54_2012,100a6f1cad8e2a9ced9bb7f9a656c2b24e5e354a18d959c9c0325084ddb70651,HTML table 0 source row 43,apec_hs2007_with_declared_revision_fallback_v1:HS2007,reviewed
902710,apec,APEC,Gas or smoke analysis apparatus  Automatic NOX and NO2 sampler and measuring apparatus; Automatic SO2 sampler and measuring apparatus (ex-90271000) [Ch],HS2007,apec_environmental_goods_54_2012,100a6f1cad8e2a9ced9bb7f9a656c2b24e5e354a18d959c9c0325084ddb70651,HTML table 0 source row 44,apec_hs2007_with_declared_revision_fallback_v1:HS2007,reviewed
902720,apec,APEC,Chromatographs and electrophoresis instruments,HS2007,apec_environmental_goods_54_2012,100a6f1cad8e2a9ced9bb7f9a656c2b24e5e354a18d959c9c0325084ddb70651,HTML table 0 source row 45,apec_hs2007_with_declared_revision_fallback_v1:HS2007,reviewed
902730,apec,APEC,"Spectrometers, spectrophotometers and spectrographs using optical radiations (ultraviolet, visible, infrared)",HS2007,apec_environmental_goods_54_2012,100a6f1cad8e2a9ced9bb7f9a656c2b24e5e354a18d959c9c0325084ddb70651,HTML table 0 source row 46,apec_hs2007_with_declared_revision_fallback_v1:HS2007,reviewed
902750,apec,APEC,"Other instruments and apparatus using optical radiations (UV, visible, IR) [Ca, J, NZ, CT, Au, K, S]  Instruments and apparatus for physical and chemical analysis using optical radiations (ultraviolet, visible, infrared), nesoi. [US]  Automatic on-line monitor on UV absorption water quality; Automatic infrared oil content analyzer (ex-90275000) [Ch]",HS2007,apec_environmental_goods_54_2012,100a6f1cad8e2a9ced9bb7f9a656c2b24e5e354a18d959c9c0325084ddb70651,HTML table 0 source row 47,apec_hs2007_with_declared_revision_fallback_v1:HS2007,reviewed
902780,apec,APEC,"Instruments and apparatus for physical or chemical analysis not elsewhere specified in 90.27. [Ca, J, NZ, CT, K]  Instruments and apparatus for physical and chemical analysis, nesoi. [US, Au]  Other Mass Spectrograph (90278019); PM10 automatic sampler and measuring apparatus; Automatic ammonia online monitor; Automatic TOD online monitor; Automatic BOD online monitor; Noise spectrum analyzer; Environmental noise monitor (ex-90278099) [Ch]",HS2007,apec_environmental_goods_54_2012,100a6f1cad8e2a9ced9bb7f9a656c2b24e5e354a18d959c9c0325084ddb70651,HTML table 0 source row 48,apec_hs2007_with_declared_revision_fallback_v1:HS2007,reviewed
902790,apec,APEC,"Microtomes; parts and accessories of instruments and appliances of 9027. [Ca, J, NZ, K, CT, Au, S]  Microtomes; parts and accessories for instruments and apparatus for physical or chemical analysis . [US]  Instruments and apparatus for physical or chemical analysis (for example, polarimeters, refractometers, spectrometers, gas or smoke analysis apparatus); instruments and apparatus for measuring or checking viscosity, porosity, expansion, surface tension or the like; instruments and apparatus for measuring or checking quantities of heat, sound or light (including exposure meters); microtomes: microtomes; parts and accessories [V]  Microtomes; Parts & Access Of Instruments / Applia (90279000) [Ch]",HS2007,apec_environmental_goods_54_2012,100a6f1cad8e2a9ced9bb7f9a656c2b24e5e354a18d959c9c0325084ddb70651,HTML table 0 source row 49,apec_hs2007_with_declared_revision_fallback_v1:HS2007,reviewed
903149,apec,APEC,"Other measuring and checking instruments, appliances and machines, not specified or included elsewhere in this chapter: ..Other optical instruments, appliances and machines elsewhere specified for measuring or checking. [Ca, J, NZ, K, CT]  Measuring or checking instruments, appliances and machines, nesoi. [US] Other optical instruments and appliances: Other [Au]  Optical Grating Measuring Device (90314920); Other Optical Instruments & Appliances (90314990) [Ch]",HS2007,apec_environmental_goods_54_2012,100a6f1cad8e2a9ced9bb7f9a656c2b24e5e354a18d959c9c0325084ddb70651,HTML table 0 source row 50,apec_hs2007_with_declared_revision_fallback_v1:HS2002_fallback,reviewed
903180,apec,APEC,"Other instruments, appliances and machines.  Other instruments, appliances and machines, not elsewhere specified in heading 90.31 [Th]",HS2007,apec_environmental_goods_54_2012,100a6f1cad8e2a9ced9bb7f9a656c2b24e5e354a18d959c9c0325084ddb70651,HTML table 0 source row 51,apec_hs2007_with_declared_revision_fallback_v1:HS2007,reviewed
903190,apec,APEC,"Parts and accessories [M] of the instruments and appliances and machines of 9031. [Ca, J, NZ, K, CT, Au]  Parts and accessories for measuring or checking instruments, appliances and machines, nesoi; parts and accessories for profile projectors. [US]  Other measuring and checking instruments, appliances and machines, not specified or included elsewhere in this chapter; profile projectors: Parts and accessories [V]  Parts & Accessories Of Instruments / Appl / Machin (90319000) [Ch]",HS2007,apec_environmental_goods_54_2012,100a6f1cad8e2a9ced9bb7f9a656c2b24e5e354a18d959c9c0325084ddb70651,HTML table 0 source row 52,apec_hs2007_with_declared_revision_fallback_v1:HS2007,reviewed
903289,apec,APEC,"Automatic regulating or controlling instruments, other. [Ca, J, NZ, K, Au, Ru, BD]  Automatic regulating or controlling instruments and apparatus (excluding thermostats, manostats and hydraulic types), nesoi. [US]  Other: Electrically or electronically operated and other [M]",HS2007,apec_environmental_goods_54_2012,100a6f1cad8e2a9ced9bb7f9a656c2b24e5e354a18d959c9c0325084ddb70651,HTML table 0 source row 53,apec_hs2007_with_declared_revision_fallback_v1:HS2007,reviewed
903290,apec,APEC,"Parts and accessories [M] for nominated articles of subheading 9032. [Ca, J, NZ, K, CT]  Parts and accessories of automatic regulating or controlling instruments and apparatus. [US, Au, Ru]",HS2007,apec_environmental_goods_54_2012,100a6f1cad8e2a9ced9bb7f9a656c2b24e5e354a18d959c9c0325084ddb70651,HTML table 0 source row 54,apec_hs2007_with_declared_revision_fallback_v1:HS2007,reviewed
903300,apec,APEC,"Parts and accessories (not specified or included elsewhere in this Chapter) for machines, appliances, instruments or apparatus of Chapter 90. [Ca, j, NZ, US, CT, Au, Ru, Th, S] For subheading 902140 and 902150 and other [M]",HS2007,apec_environmental_goods_54_2012,100a6f1cad8e2a9ced9bb7f9a656c2b24e5e354a18d959c9c0325084ddb70651,HTML table 0 source row 55,apec_hs2007_with_declared_revision_fallback_v1:HS2007,reviewed
380210,broad,WAT,"",HS2007,oecd_cleg_2014,c806426ba337f6eb613403e3645104d27ce3d4bc9997db726e789b2983ba6b58,Annex 1 PDF printed page 51,cleg_annex_anchored_hs6_category_v1,reviewed
390940,broad,HEM,"",HS2007,oecd_cleg_2014,c806426ba337f6eb613403e3645104d27ce3d4bc9997db726e789b2983ba6b58,Annex 1 PDF printed page 51,cleg_annex_anchored_hs6_category_v1,reviewed
392010,broad,SWM,"",HS2007,oecd_cleg_2014,c806426ba337f6eb613403e3645104d27ce3d4bc9997db726e789b2983ba6b58,Annex 1 PDF printed page 51,cleg_annex_anchored_hs6_category_v1,reviewed
392030,broad,HEM,"",HS2007,oecd_cleg_2014,c806426ba337f6eb613403e3645104d27ce3d4bc9997db726e789b2983ba6b58,Annex 1 PDF printed page 51,cleg_annex_anchored_hs6_category_v1,reviewed
392111,broad,HEM,"",HS2007,oecd_cleg_2014,c806426ba337f6eb613403e3645104d27ce3d4bc9997db726e789b2983ba6b58,Annex 1 PDF printed page 51,cleg_annex_anchored_hs6_category_v1,reviewed
392113,broad,HEM,"",HS2007,oecd_cleg_2014,c806426ba337f6eb613403e3645104d27ce3d4bc9997db726e789b2983ba6b58,Annex 1 PDF printed page 51,cleg_annex_anchored_hs6_category_v1,reviewed
392510,broad,REP,"",HS2007,oecd_cleg_2014,c806426ba337f6eb613403e3645104d27ce3d4bc9997db726e789b2983ba6b58,Annex 1 PDF printed page 51,cleg_annex_anchored_hs6_category_v1,reviewed
400259,broad,SWM,"",HS2007,oecd_cleg_2014,c806426ba337f6eb613403e3645104d27ce3d4bc9997db726e789b2983ba6b58,Annex 1 PDF printed page 51,cleg_annex_anchored_hs6_category_v1,reviewed
441872,broad,EPP,"",HS2007,oecd_cleg_2014,c806426ba337f6eb613403e3645104d27ce3d4bc9997db726e789b2983ba6b58,Annex 1 PDF printed page 51,cleg_annex_anchored_hs6_category_v1,reviewed
450410,broad,NVA,"",HS2007,oecd_cleg_2014,c806426ba337f6eb613403e3645104d27ce3d4bc9997db726e789b2983ba6b58,Annex 1 PDF printed page 51,cleg_annex_anchored_hs6_category_v1,reviewed
450490,broad,HEM,"",HS2007,oecd_cleg_2014,c806426ba337f6eb613403e3645104d27ce3d4bc9997db726e789b2983ba6b58,Annex 1 PDF printed page 51,cleg_annex_anchored_hs6_category_v1,reviewed
530310,broad,EPP,"",HS2007,oecd_cleg_2014,c806426ba337f6eb613403e3645104d27ce3d4bc9997db726e789b2983ba6b58,Annex 1 PDF printed page 51,cleg_annex_anchored_hs6_category_v1,reviewed
530500,broad,EPP,"",HS2007,oecd_cleg_2014,c806426ba337f6eb613403e3645104d27ce3d4bc9997db726e789b2983ba6b58,Annex 1 PDF printed page 51,cleg_annex_anchored_hs6_category_v1,reviewed
540500,broad,HEM,"",HS2007,oecd_cleg_2014,c806426ba337f6eb613403e3645104d27ce3d4bc9997db726e789b2983ba6b58,Annex 1 PDF printed page 51,cleg_annex_anchored_hs6_category_v1,reviewed
560314,broad,WAT,"",HS2007,oecd_cleg_2014,c806426ba337f6eb613403e3645104d27ce3d4bc9997db726e789b2983ba6b58,Annex 1 PDF printed page 51,cleg_annex_anchored_hs6_category_v1,reviewed
560721,broad,EPP,"",HS2007,oecd_cleg_2014,c806426ba337f6eb613403e3645104d27ce3d4bc9997db726e789b2983ba6b58,Annex 1 PDF printed page 51,cleg_annex_anchored_hs6_category_v1,reviewed
560790,broad,EPP,"",HS2007,oecd_cleg_2014,c806426ba337f6eb613403e3645104d27ce3d4bc9997db726e789b2983ba6b58,Annex 1 PDF printed page 51,cleg_annex_anchored_hs6_category_v1,reviewed
560811,broad,NRP,"",HS2007,oecd_cleg_2014,c806426ba337f6eb613403e3645104d27ce3d4bc9997db726e789b2983ba6b58,Annex 1 PDF printed page 51,cleg_annex_anchored_hs6_category_v1,reviewed
560890,broad,NRP,"",HS2007,oecd_cleg_2014,c806426ba337f6eb613403e3645104d27ce3d4bc9997db726e789b2983ba6b58,Annex 1 PDF printed page 51,cleg_annex_anchored_hs6_category_v1,reviewed
630510,broad,EPP,"",HS2007,oecd_cleg_2014,c806426ba337f6eb613403e3645104d27ce3d4bc9997db726e789b2983ba6b58,Annex 1 PDF printed page 51,cleg_annex_anchored_hs6_category_v1,reviewed
680610,broad,HEM,"",HS2007,oecd_cleg_2014,c806426ba337f6eb613403e3645104d27ce3d4bc9997db726e789b2983ba6b58,Annex 1 PDF printed page 51,cleg_annex_anchored_hs6_category_v1,reviewed
680690,broad,HEM,"",HS2007,oecd_cleg_2014,c806426ba337f6eb613403e3645104d27ce3d4bc9997db726e789b2983ba6b58,Annex 1 PDF printed page 51,cleg_annex_anchored_hs6_category_v1,reviewed
680800,broad,HEM,"",HS2007,oecd_cleg_2014,c806426ba337f6eb613403e3645104d27ce3d4bc9997db726e789b2983ba6b58,Annex 1 PDF printed page 51,cleg_annex_anchored_hs6_category_v1,reviewed
681011,broad,HEM,"",HS2007,oecd_cleg_2014,c806426ba337f6eb613403e3645104d27ce3d4bc9997db726e789b2983ba6b58,Annex 1 PDF printed page 51,cleg_annex_anchored_hs6_category_v1,reviewed
681019,broad,HEM,"",HS2007,oecd_cleg_2014,c806426ba337f6eb613403e3645104d27ce3d4bc9997db726e789b2983ba6b58,Annex 1 PDF printed page 51,cleg_annex_anchored_hs6_category_v1,reviewed
681091,broad,HEM,"",HS2007,oecd_cleg_2014,c806426ba337f6eb613403e3645104d27ce3d4bc9997db726e789b2983ba6b58,Annex 1 PDF printed page 51,cleg_annex_anchored_hs6_category_v1,reviewed
691010,broad,WAT,"",HS2007,oecd_cleg_2014,c806426ba337f6eb613403e3645104d27ce3d4bc9997db726e789b2983ba6b58,Annex 1 PDF printed page 51,cleg_annex_anchored_hs6_category_v1,reviewed
700800,broad,HEM,"",HS2007,oecd_cleg_2014,c806426ba337f6eb613403e3645104d27ce3d4bc9997db726e789b2983ba6b58,Annex 1 PDF printed page 51,cleg_annex_anchored_hs6_category_v1,reviewed
700991,broad,REP,"",HS2007,oecd_cleg_2014,c806426ba337f6eb613403e3645104d27ce3d4bc9997db726e789b2983ba6b58,Annex 1 PDF printed page 51,cleg_annex_anchored_hs6_category_v1,reviewed
700992,broad,REP,"",HS2007,oecd_cleg_2014,c806426ba337f6eb613403e3645104d27ce3d4bc9997db726e789b2983ba6b58,Annex 1 PDF printed page 51,cleg_annex_anchored_hs6_category_v1,reviewed
701931,broad,HEM,"",HS2007,oecd_cleg_2014,c806426ba337f6eb613403e3645104d27ce3d4bc9997db726e789b2983ba6b58,Annex 1 PDF printed page 51,cleg_annex_anchored_hs6_category_v1,reviewed
701939,broad,HEM,"",HS2007,oecd_cleg_2014,c806426ba337f6eb613403e3645104d27ce3d4bc9997db726e789b2983ba6b58,Annex 1 PDF printed page 51,cleg_annex_anchored_hs6_category_v1,reviewed
730210,broad,CRE,"",HS2007,oecd_cleg_2014,c806426ba337f6eb613403e3645104d27ce3d4bc9997db726e789b2983ba6b58,Annex 1 PDF printed page 51,cleg_annex_anchored_hs6_category_v1,reviewed
730230,broad,CRE,"",HS2007,oecd_cleg_2014,c806426ba337f6eb613403e3645104d27ce3d4bc9997db726e789b2983ba6b58,Annex 1 PDF printed page 51,cleg_annex_anchored_hs6_category_v1,reviewed
730240,broad,CRE,"",HS2007,oecd_cleg_2014,c806426ba337f6eb613403e3645104d27ce3d4bc9997db726e789b2983ba6b58,Annex 1 PDF printed page 51,cleg_annex_anchored_hs6_category_v1,reviewed
730290,broad,CRE,"",HS2007,oecd_cleg_2014,c806426ba337f6eb613403e3645104d27ce3d4bc9997db726e789b2983ba6b58,Annex 1 PDF printed page 51,cleg_annex_anchored_hs6_category_v1,reviewed
730300,broad,WAT,"",HS2007,oecd_cleg_2014,c806426ba337f6eb613403e3645104d27ce3d4bc9997db726e789b2983ba6b58,Annex 1 PDF printed page 51,cleg_annex_anchored_hs6_category_v1,reviewed
730431,broad,WAT,"",HS2007,oecd_cleg_2014,c806426ba337f6eb613403e3645104d27ce3d4bc9997db726e789b2983ba6b58,Annex 1 PDF printed page 51,cleg_annex_anchored_hs6_category_v1,reviewed
730490,broad,WAT,"",HS2007,oecd_cleg_2014,c806426ba337f6eb613403e3645104d27ce3d4bc9997db726e789b2983ba6b58,Annex 1 PDF printed page 51,cleg_annex_anchored_hs6_category_v1,reviewed
730630,broad,WAT,"",HS2007,oecd_cleg_2014,c806426ba337f6eb613403e3645104d27ce3d4bc9997db726e789b2983ba6b58,Annex 1 PDF printed page 51,cleg_annex_anchored_hs6_category_v1,reviewed
730690,broad,WAT,"",HS2007,oecd_cleg_2014,c806426ba337f6eb613403e3645104d27ce3d4bc9997db726e789b2983ba6b58,Annex 1 PDF printed page 51,cleg_annex_anchored_hs6_category_v1,reviewed
730820,broad,REP,"",HS2007,oecd_cleg_2014,c806426ba337f6eb613403e3645104d27ce3d4bc9997db726e789b2983ba6b58,Annex 1 PDF printed page 51,cleg_annex_anchored_hs6_category_v1,reviewed
730890,broad,REP,"",HS2007,oecd_cleg_2014,c806426ba337f6eb613403e3645104d27ce3d4bc9997db726e789b2983ba6b58,Annex 1 PDF printed page 52,cleg_annex_anchored_hs6_category_v1,reviewed
730900,broad,WAT,"",HS2007,oecd_cleg_2014,c806426ba337f6eb613403e3645104d27ce3d4bc9997db726e789b2983ba6b58,Annex 1 PDF printed page 52,cleg_annex_anchored_hs6_category_v1,reviewed
731010,broad,WAT,"",HS2007,oecd_cleg_2014,c806426ba337f6eb613403e3645104d27ce3d4bc9997db726e789b2983ba6b58,Annex 1 PDF printed page 52,cleg_annex_anchored_hs6_category_v1,reviewed
731029,broad,WAT,"",HS2007,oecd_cleg_2014,c806426ba337f6eb613403e3645104d27ce3d4bc9997db726e789b2983ba6b58,Annex 1 PDF printed page 52,cleg_annex_anchored_hs6_category_v1,reviewed
732111,broad,CRE,"",HS2007,oecd_cleg_2014,c806426ba337f6eb613403e3645104d27ce3d4bc9997db726e789b2983ba6b58,Annex 1 PDF printed page 52,cleg_annex_anchored_hs6_category_v1,reviewed
732119,broad,REP,"",HS2007,oecd_cleg_2014,c806426ba337f6eb613403e3645104d27ce3d4bc9997db726e789b2983ba6b58,Annex 1 PDF printed page 52,cleg_annex_anchored_hs6_category_v1,reviewed
732189,broad,REP,"",HS2007,oecd_cleg_2014,c806426ba337f6eb613403e3645104d27ce3d4bc9997db726e789b2983ba6b58,Annex 1 PDF printed page 52,cleg_annex_anchored_hs6_category_v1,reviewed
732190,broad,CRE,"",HS2007,oecd_cleg_2014,c806426ba337f6eb613403e3645104d27ce3d4bc9997db726e789b2983ba6b58,Annex 1 PDF printed page 52,cleg_annex_anchored_hs6_category_v1,reviewed
732490,broad,WAT,"",HS2007,oecd_cleg_2014,c806426ba337f6eb613403e3645104d27ce3d4bc9997db726e789b2983ba6b58,Annex 1 PDF printed page 52,cleg_annex_anchored_hs6_category_v1,reviewed
732510,broad,WAT,"",HS2007,oecd_cleg_2014,c806426ba337f6eb613403e3645104d27ce3d4bc9997db726e789b2983ba6b58,Annex 1 PDF printed page 52,cleg_annex_anchored_hs6_category_v1,reviewed
732690,broad,WAT,"",HS2007,oecd_cleg_2014,c806426ba337f6eb613403e3645104d27ce3d4bc9997db726e789b2983ba6b58,Annex 1 PDF printed page 52,cleg_annex_anchored_hs6_category_v1,reviewed
761090,broad,REP,"",HS2007,oecd_cleg_2014,c806426ba337f6eb613403e3645104d27ce3d4bc9997db726e789b2983ba6b58,Annex 1 PDF printed page 52,cleg_annex_anchored_hs6_category_v1,reviewed
761100,broad,REP,"",HS2007,oecd_cleg_2014,c806426ba337f6eb613403e3645104d27ce3d4bc9997db726e789b2983ba6b58,Annex 1 PDF printed page 52,cleg_annex_anchored_hs6_category_v1,reviewed
761290,broad,SWM,"",HS2007,oecd_cleg_2014,c806426ba337f6eb613403e3645104d27ce3d4bc9997db726e789b2983ba6b58,Annex 1 PDF printed page 52,cleg_annex_anchored_hs6_category_v1,reviewed
830630,broad,REP,"",HS2007,oecd_cleg_2014,c806426ba337f6eb613403e3645104d27ce3d4bc9997db726e789b2983ba6b58,Annex 1 PDF printed page 52,cleg_annex_anchored_hs6_category_v1,reviewed
840219,broad,SWM,"",HS2007,oecd_cleg_2014,c806426ba337f6eb613403e3645104d27ce3d4bc9997db726e789b2983ba6b58,Annex 1 PDF printed page 52,cleg_annex_anchored_hs6_category_v1,reviewed
840290,broad,SWM,"",HS2007,oecd_cleg_2014,c806426ba337f6eb613403e3645104d27ce3d4bc9997db726e789b2983ba6b58,Annex 1 PDF printed page 52,cleg_annex_anchored_hs6_category_v1,reviewed
840410,broad,APC,"",HS2007,oecd_cleg_2014,c806426ba337f6eb613403e3645104d27ce3d4bc9997db726e789b2983ba6b58,Annex 1 PDF printed page 52,cleg_annex_anchored_hs6_category_v1,reviewed
840420,broad,APC,"",HS2007,oecd_cleg_2014,c806426ba337f6eb613403e3645104d27ce3d4bc9997db726e789b2983ba6b58,Annex 1 PDF printed page 52,cleg_annex_anchored_hs6_category_v1,reviewed
840490,broad,APC,"",HS2007,oecd_cleg_2014,c806426ba337f6eb613403e3645104d27ce3d4bc9997db726e789b2983ba6b58,Annex 1 PDF printed page 52,cleg_annex_anchored_hs6_category_v1,reviewed
840510,broad,APC,"",HS2007,oecd_cleg_2014,c806426ba337f6eb613403e3645104d27ce3d4bc9997db726e789b2983ba6b58,Annex 1 PDF printed page 52,cleg_annex_anchored_hs6_category_v1,reviewed
840681,broad,REP,"",HS2007,oecd_cleg_2014,c806426ba337f6eb613403e3645104d27ce3d4bc9997db726e789b2983ba6b58,Annex 1 PDF printed page 52,cleg_annex_anchored_hs6_category_v1,reviewed
840682,broad,REP,"",HS2007,oecd_cleg_2014,c806426ba337f6eb613403e3645104d27ce3d4bc9997db726e789b2983ba6b58,Annex 1 PDF printed page 52,cleg_annex_anchored_hs6_category_v1,reviewed
840690,broad,REP,"",HS2007,oecd_cleg_2014,c806426ba337f6eb613403e3645104d27ce3d4bc9997db726e789b2983ba6b58,Annex 1 PDF printed page 52,cleg_annex_anchored_hs6_category_v1,reviewed
840991,broad,NVA,"",HS2007,oecd_cleg_2014,c806426ba337f6eb613403e3645104d27ce3d4bc9997db726e789b2983ba6b58,Annex 1 PDF printed page 52,cleg_annex_anchored_hs6_category_v1,reviewed
840999,broad,NVA,"",HS2007,oecd_cleg_2014,c806426ba337f6eb613403e3645104d27ce3d4bc9997db726e789b2983ba6b58,Annex 1 PDF printed page 52,cleg_annex_anchored_hs6_category_v1,reviewed
841011,broad,REP,"",HS2007,oecd_cleg_2014,c806426ba337f6eb613403e3645104d27ce3d4bc9997db726e789b2983ba6b58,Annex 1 PDF printed page 52,cleg_annex_anchored_hs6_category_v1,reviewed
841012,broad,REP,"",HS2007,oecd_cleg_2014,c806426ba337f6eb613403e3645104d27ce3d4bc9997db726e789b2983ba6b58,Annex 1 PDF printed page 52,cleg_annex_anchored_hs6_category_v1,reviewed
841013,broad,REP,"",HS2007,oecd_cleg_2014,c806426ba337f6eb613403e3645104d27ce3d4bc9997db726e789b2983ba6b58,Annex 1 PDF printed page 52,cleg_annex_anchored_hs6_category_v1,reviewed
841090,broad,REP,"",HS2007,oecd_cleg_2014,c806426ba337f6eb613403e3645104d27ce3d4bc9997db726e789b2983ba6b58,Annex 1 PDF printed page 52,cleg_annex_anchored_hs6_category_v1,reviewed
841181,broad,REP,"",HS2007,oecd_cleg_2014,c806426ba337f6eb613403e3645104d27ce3d4bc9997db726e789b2983ba6b58,Annex 1 PDF printed page 52,cleg_annex_anchored_hs6_category_v1,reviewed
841182,broad,REP,"",HS2007,oecd_cleg_2014,c806426ba337f6eb613403e3645104d27ce3d4bc9997db726e789b2983ba6b58,Annex 1 PDF printed page 52,cleg_annex_anchored_hs6_category_v1,reviewed
841199,broad,REP,"",HS2007,oecd_cleg_2014,c806426ba337f6eb613403e3645104d27ce3d4bc9997db726e789b2983ba6b58,Annex 1 PDF printed page 52,cleg_annex_anchored_hs6_category_v1,reviewed
841280,broad,REP,"",HS2007,oecd_cleg_2014,c806426ba337f6eb613403e3645104d27ce3d4bc9997db726e789b2983ba6b58,Annex 1 PDF printed page 52,cleg_annex_anchored_hs6_category_v1,reviewed
841290,broad,REP,"",HS2007,oecd_cleg_2014,c806426ba337f6eb613403e3645104d27ce3d4bc9997db726e789b2983ba6b58,Annex 1 PDF printed page 52,cleg_annex_anchored_hs6_category_v1,reviewed
841320,broad,WAT,"",HS2007,oecd_cleg_2014,c806426ba337f6eb613403e3645104d27ce3d4bc9997db726e789b2983ba6b58,Annex 1 PDF printed page 52,cleg_annex_anchored_hs6_category_v1,reviewed
841350,broad,WAT,"",HS2007,oecd_cleg_2014,c806426ba337f6eb613403e3645104d27ce3d4bc9997db726e789b2983ba6b58,Annex 1 PDF printed page 52,cleg_annex_anchored_hs6_category_v1,reviewed
841360,broad,WAT,"",HS2007,oecd_cleg_2014,c806426ba337f6eb613403e3645104d27ce3d4bc9997db726e789b2983ba6b58,Annex 1 PDF printed page 52,cleg_annex_anchored_hs6_category_v1,reviewed
841370,broad,WAT,"",HS2007,oecd_cleg_2014,c806426ba337f6eb613403e3645104d27ce3d4bc9997db726e789b2983ba6b58,Annex 1 PDF printed page 52,cleg_annex_anchored_hs6_category_v1,reviewed
841381,broad,WAT,"",HS2007,oecd_cleg_2014,c806426ba337f6eb613403e3645104d27ce3d4bc9997db726e789b2983ba6b58,Annex 1 PDF printed page 52,cleg_annex_anchored_hs6_category_v1,reviewed
841410,broad,APC,"",HS2007,oecd_cleg_2014,c806426ba337f6eb613403e3645104d27ce3d4bc9997db726e789b2983ba6b58,Annex 1 PDF printed page 52,cleg_annex_anchored_hs6_category_v1,reviewed
841430,broad,APC,"",HS2007,oecd_cleg_2014,c806426ba337f6eb613403e3645104d27ce3d4bc9997db726e789b2983ba6b58,Annex 1 PDF printed page 52,cleg_annex_anchored_hs6_category_v1,reviewed
841440,broad,APC,"",HS2007,oecd_cleg_2014,c806426ba337f6eb613403e3645104d27ce3d4bc9997db726e789b2983ba6b58,Annex 1 PDF printed page 52,cleg_annex_anchored_hs6_category_v1,reviewed
841459,broad,APC,"",HS2007,oecd_cleg_2014,c806426ba337f6eb613403e3645104d27ce3d4bc9997db726e789b2983ba6b58,Annex 1 PDF printed page 53,cleg_annex_anchored_hs6_category_v1,reviewed
841480,broad,APC,"",HS2007,oecd_cleg_2014,c806426ba337f6eb613403e3645104d27ce3d4bc9997db726e789b2983ba6b58,Annex 1 PDF printed page 53,cleg_annex_anchored_hs6_category_v1,reviewed
841490,broad,APC,"",HS2007,oecd_cleg_2014,c806426ba337f6eb613403e3645104d27ce3d4bc9997db726e789b2983ba6b58,Annex 1 PDF printed page 53,cleg_annex_anchored_hs6_category_v1,reviewed
841581,broad,REP,"",HS2007,oecd_cleg_2014,c806426ba337f6eb613403e3645104d27ce3d4bc9997db726e789b2983ba6b58,Annex 1 PDF printed page 53,cleg_annex_anchored_hs6_category_v1,reviewed
841780,broad,SWM,"",HS2007,oecd_cleg_2014,c806426ba337f6eb613403e3645104d27ce3d4bc9997db726e789b2983ba6b58,Annex 1 PDF printed page 53,cleg_annex_anchored_hs6_category_v1,reviewed
841790,broad,SWM,"",HS2007,oecd_cleg_2014,c806426ba337f6eb613403e3645104d27ce3d4bc9997db726e789b2983ba6b58,Annex 1 PDF printed page 53,cleg_annex_anchored_hs6_category_v1,reviewed
841861,broad,REP,"",HS2007,oecd_cleg_2014,c806426ba337f6eb613403e3645104d27ce3d4bc9997db726e789b2983ba6b58,Annex 1 PDF printed page 53,cleg_annex_anchored_hs6_category_v1,reviewed
841869,broad,REP,"",HS2007,oecd_cleg_2014,c806426ba337f6eb613403e3645104d27ce3d4bc9997db726e789b2983ba6b58,Annex 1 PDF printed page 53,cleg_annex_anchored_hs6_category_v1,reviewed
841919,broad,REP,"",HS2007,oecd_cleg_2014,c806426ba337f6eb613403e3645104d27ce3d4bc9997db726e789b2983ba6b58,Annex 1 PDF printed page 53,cleg_annex_anchored_hs6_category_v1,reviewed
841939,broad,WAT,"",HS2007,oecd_cleg_2014,c806426ba337f6eb613403e3645104d27ce3d4bc9997db726e789b2983ba6b58,Annex 1 PDF printed page 53,cleg_annex_anchored_hs6_category_v1,reviewed
841940,broad,SWM,"",HS2007,oecd_cleg_2014,c806426ba337f6eb613403e3645104d27ce3d4bc9997db726e789b2983ba6b58,Annex 1 PDF printed page 53,cleg_annex_anchored_hs6_category_v1,reviewed
841950,broad,HEM,"",HS2007,oecd_cleg_2014,c806426ba337f6eb613403e3645104d27ce3d4bc9997db726e789b2983ba6b58,Annex 1 PDF printed page 53,cleg_annex_anchored_hs6_category_v1,reviewed
841960,broad,APC,"",HS2007,oecd_cleg_2014,c806426ba337f6eb613403e3645104d27ce3d4bc9997db726e789b2983ba6b58,Annex 1 PDF printed page 53,cleg_annex_anchored_hs6_category_v1,reviewed
841989,broad,WAT,"",HS2007,oecd_cleg_2014,c806426ba337f6eb613403e3645104d27ce3d4bc9997db726e789b2983ba6b58,Annex 1 PDF printed page 53,cleg_annex_anchored_hs6_category_v1,reviewed
841990,broad,REP,"",HS2007,oecd_cleg_2014,c806426ba337f6eb613403e3645104d27ce3d4bc9997db726e789b2983ba6b58,Annex 1 PDF printed page 53,cleg_annex_anchored_hs6_category_v1,reviewed
842119,broad,SWR,"",HS2007,oecd_cleg_2014,c806426ba337f6eb613403e3645104d27ce3d4bc9997db726e789b2983ba6b58,Annex 1 PDF printed page 53,cleg_annex_anchored_hs6_category_v1,reviewed
842121,broad,WAT,"",HS2007,oecd_cleg_2014,c806426ba337f6eb613403e3645104d27ce3d4bc9997db726e789b2983ba6b58,Annex 1 PDF printed page 53,cleg_annex_anchored_hs6_category_v1,reviewed
842129,broad,WAT,"",HS2007,oecd_cleg_2014,c806426ba337f6eb613403e3645104d27ce3d4bc9997db726e789b2983ba6b58,Annex 1 PDF printed page 53,cleg_annex_anchored_hs6_category_v1,reviewed
842139,broad,APC,"",HS2007,oecd_cleg_2014,c806426ba337f6eb613403e3645104d27ce3d4bc9997db726e789b2983ba6b58,Annex 1 PDF printed page 53,cleg_annex_anchored_hs6_category_v1,reviewed
842191,broad,SWR,"",HS2007,oecd_cleg_2014,c806426ba337f6eb613403e3645104d27ce3d4bc9997db726e789b2983ba6b58,Annex 1 PDF printed page 53,cleg_annex_anchored_hs6_category_v1,reviewed
842199,broad,WAT,"",HS2007,oecd_cleg_2014,c806426ba337f6eb613403e3645104d27ce3d4bc9997db726e789b2983ba6b58,Annex 1 PDF printed page 53,cleg_annex_anchored_hs6_category_v1,reviewed
842220,broad,SWM,"",HS2007,oecd_cleg_2014,c806426ba337f6eb613403e3645104d27ce3d4bc9997db726e789b2983ba6b58,Annex 1 PDF printed page 53,cleg_annex_anchored_hs6_category_v1,reviewed
842290,broad,SWM,"",HS2007,oecd_cleg_2014,c806426ba337f6eb613403e3645104d27ce3d4bc9997db726e789b2983ba6b58,Annex 1 PDF printed page 53,cleg_annex_anchored_hs6_category_v1,reviewed
842833,broad,SWM,"",HS2007,oecd_cleg_2014,c806426ba337f6eb613403e3645104d27ce3d4bc9997db726e789b2983ba6b58,Annex 1 PDF printed page 53,cleg_annex_anchored_hs6_category_v1,reviewed
842940,broad,SWM,"",HS2007,oecd_cleg_2014,c806426ba337f6eb613403e3645104d27ce3d4bc9997db726e789b2983ba6b58,Annex 1 PDF printed page 53,cleg_annex_anchored_hs6_category_v1,reviewed
846291,broad,SWM,"",HS2007,oecd_cleg_2014,c806426ba337f6eb613403e3645104d27ce3d4bc9997db726e789b2983ba6b58,Annex 1 PDF printed page 53,cleg_annex_anchored_hs6_category_v1,reviewed
846596,broad,SWM,"",HS2007,oecd_cleg_2014,c806426ba337f6eb613403e3645104d27ce3d4bc9997db726e789b2983ba6b58,Annex 1 PDF printed page 53,cleg_annex_anchored_hs6_category_v1,reviewed
846599,broad,SWM,"",HS2007,oecd_cleg_2014,c806426ba337f6eb613403e3645104d27ce3d4bc9997db726e789b2983ba6b58,Annex 1 PDF printed page 53,cleg_annex_anchored_hs6_category_v1,reviewed
846694,broad,SWM,"",HS2007,oecd_cleg_2014,c806426ba337f6eb613403e3645104d27ce3d4bc9997db726e789b2983ba6b58,Annex 1 PDF printed page 53,cleg_annex_anchored_hs6_category_v1,reviewed
847420,broad,SWM,"",HS2007,oecd_cleg_2014,c806426ba337f6eb613403e3645104d27ce3d4bc9997db726e789b2983ba6b58,Annex 1 PDF printed page 53,cleg_annex_anchored_hs6_category_v1,reviewed
847982,broad,SWM,"",HS2007,oecd_cleg_2014,c806426ba337f6eb613403e3645104d27ce3d4bc9997db726e789b2983ba6b58,Annex 1 PDF printed page 53,cleg_annex_anchored_hs6_category_v1,reviewed
847989,broad,SWM,"",HS2007,oecd_cleg_2014,c806426ba337f6eb613403e3645104d27ce3d4bc9997db726e789b2983ba6b58,Annex 1 PDF printed page 53,cleg_annex_anchored_hs6_category_v1,reviewed
847990,broad,SWM,"",HS2007,oecd_cleg_2014,c806426ba337f6eb613403e3645104d27ce3d4bc9997db726e789b2983ba6b58,Annex 1 PDF printed page 53,cleg_annex_anchored_hs6_category_v1,reviewed
848110,broad,WAT,"",HS2007,oecd_cleg_2014,c806426ba337f6eb613403e3645104d27ce3d4bc9997db726e789b2983ba6b58,Annex 1 PDF printed page 53,cleg_annex_anchored_hs6_category_v1,reviewed
848130,broad,WAT,"",HS2007,oecd_cleg_2014,c806426ba337f6eb613403e3645104d27ce3d4bc9997db726e789b2983ba6b58,Annex 1 PDF printed page 53,cleg_annex_anchored_hs6_category_v1,reviewed
848140,broad,WAT,"",HS2007,oecd_cleg_2014,c806426ba337f6eb613403e3645104d27ce3d4bc9997db726e789b2983ba6b58,Annex 1 PDF printed page 53,cleg_annex_anchored_hs6_category_v1,reviewed
848180,broad,WAT,"",HS2007,oecd_cleg_2014,c806426ba337f6eb613403e3645104d27ce3d4bc9997db726e789b2983ba6b58,Annex 1 PDF printed page 53,cleg_annex_anchored_hs6_category_v1,reviewed
848190,broad,WAT,"",HS2007,oecd_cleg_2014,c806426ba337f6eb613403e3645104d27ce3d4bc9997db726e789b2983ba6b58,Annex 1 PDF printed page 53,cleg_annex_anchored_hs6_category_v1,reviewed
848340,broad,REP,"",HS2007,oecd_cleg_2014,c806426ba337f6eb613403e3645104d27ce3d4bc9997db726e789b2983ba6b58,Annex 1 PDF printed page 53,cleg_annex_anchored_hs6_category_v1,reviewed
848360,broad,REP,"",HS2007,oecd_cleg_2014,c806426ba337f6eb613403e3645104d27ce3d4bc9997db726e789b2983ba6b58,Annex 1 PDF printed page 53,cleg_annex_anchored_hs6_category_v1,reviewed
850161,broad,REP,"",HS2007,oecd_cleg_2014,c806426ba337f6eb613403e3645104d27ce3d4bc9997db726e789b2983ba6b58,Annex 1 PDF printed page 53,cleg_annex_anchored_hs6_category_v1,reviewed
850162,broad,REP,"",HS2007,oecd_cleg_2014,c806426ba337f6eb613403e3645104d27ce3d4bc9997db726e789b2983ba6b58,Annex 1 PDF printed page 53,cleg_annex_anchored_hs6_category_v1,reviewed
850163,broad,REP,"",HS2007,oecd_cleg_2014,c806426ba337f6eb613403e3645104d27ce3d4bc9997db726e789b2983ba6b58,Annex 1 PDF printed page 53,cleg_annex_anchored_hs6_category_v1,reviewed
850164,broad,REP,"",HS2007,oecd_cleg_2014,c806426ba337f6eb613403e3645104d27ce3d4bc9997db726e789b2983ba6b58,Annex 1 PDF printed page 53,cleg_annex_anchored_hs6_category_v1,reviewed
850220,broad,HEM,"",HS2007,oecd_cleg_2014,c806426ba337f6eb613403e3645104d27ce3d4bc9997db726e789b2983ba6b58,Annex 1 PDF printed page 54,cleg_annex_anchored_hs6_category_v1,reviewed
850231,broad,REP,"",HS2007,oecd_cleg_2014,c806426ba337f6eb613403e3645104d27ce3d4bc9997db726e789b2983ba6b58,Annex 1 PDF printed page 54,cleg_annex_anchored_hs6_category_v1,reviewed
850239,broad,REP,"",HS2007,oecd_cleg_2014,c806426ba337f6eb613403e3645104d27ce3d4bc9997db726e789b2983ba6b58,Annex 1 PDF printed page 54,cleg_annex_anchored_hs6_category_v1,reviewed
850300,broad,REP,"",HS2007,oecd_cleg_2014,c806426ba337f6eb613403e3645104d27ce3d4bc9997db726e789b2983ba6b58,Annex 1 PDF printed page 54,cleg_annex_anchored_hs6_category_v1,reviewed
850421,broad,REP,"",HS2007,oecd_cleg_2014,c806426ba337f6eb613403e3645104d27ce3d4bc9997db726e789b2983ba6b58,Annex 1 PDF printed page 54,cleg_annex_anchored_hs6_category_v1,reviewed
850422,broad,REP,"",HS2007,oecd_cleg_2014,c806426ba337f6eb613403e3645104d27ce3d4bc9997db726e789b2983ba6b58,Annex 1 PDF printed page 54,cleg_annex_anchored_hs6_category_v1,reviewed
850423,broad,REP,"",HS2007,oecd_cleg_2014,c806426ba337f6eb613403e3645104d27ce3d4bc9997db726e789b2983ba6b58,Annex 1 PDF printed page 54,cleg_annex_anchored_hs6_category_v1,reviewed
850431,broad,REP,"",HS2007,oecd_cleg_2014,c806426ba337f6eb613403e3645104d27ce3d4bc9997db726e789b2983ba6b58,Annex 1 PDF printed page 54,cleg_annex_anchored_hs6_category_v1,reviewed
850432,broad,REP,"",HS2007,oecd_cleg_2014,c806426ba337f6eb613403e3645104d27ce3d4bc9997db726e789b2983ba6b58,Annex 1 PDF printed page 54,cleg_annex_anchored_hs6_category_v1,reviewed
850433,broad,REP,"",HS2007,oecd_cleg_2014,c806426ba337f6eb613403e3645104d27ce3d4bc9997db726e789b2983ba6b58,Annex 1 PDF printed page 54,cleg_annex_anchored_hs6_category_v1,reviewed
850434,broad,REP,"",HS2007,oecd_cleg_2014,c806426ba337f6eb613403e3645104d27ce3d4bc9997db726e789b2983ba6b58,Annex 1 PDF printed page 54,cleg_annex_anchored_hs6_category_v1,reviewed
850440,broad,REP,"",HS2007,oecd_cleg_2014,c806426ba337f6eb613403e3645104d27ce3d4bc9997db726e789b2983ba6b58,Annex 1 PDF printed page 54,cleg_annex_anchored_hs6_category_v1,reviewed
850490,broad,REP,"",HS2007,oecd_cleg_2014,c806426ba337f6eb613403e3645104d27ce3d4bc9997db726e789b2983ba6b58,Annex 1 PDF printed page 54,cleg_annex_anchored_hs6_category_v1,reviewed
850590,broad,SWM,"",HS2007,oecd_cleg_2014,c806426ba337f6eb613403e3645104d27ce3d4bc9997db726e789b2983ba6b58,Annex 1 PDF printed page 54,cleg_annex_anchored_hs6_category_v1,reviewed
850680,broad,CRE,"",HS2007,oecd_cleg_2014,c806426ba337f6eb613403e3645104d27ce3d4bc9997db726e789b2983ba6b58,Annex 1 PDF printed page 54,cleg_annex_anchored_hs6_category_v1,reviewed
850720,broad,REP,"",HS2007,oecd_cleg_2014,c806426ba337f6eb613403e3645104d27ce3d4bc9997db726e789b2983ba6b58,Annex 1 PDF printed page 54,cleg_annex_anchored_hs6_category_v1,reviewed
850980,broad,CRE,"",HS2007,oecd_cleg_2014,c806426ba337f6eb613403e3645104d27ce3d4bc9997db726e789b2983ba6b58,Annex 1 PDF printed page 54,cleg_annex_anchored_hs6_category_v1,reviewed
851410,broad,SWM,"",HS2007,oecd_cleg_2014,c806426ba337f6eb613403e3645104d27ce3d4bc9997db726e789b2983ba6b58,Annex 1 PDF printed page 54,cleg_annex_anchored_hs6_category_v1,reviewed
851420,broad,SWM,"",HS2007,oecd_cleg_2014,c806426ba337f6eb613403e3645104d27ce3d4bc9997db726e789b2983ba6b58,Annex 1 PDF printed page 54,cleg_annex_anchored_hs6_category_v1,reviewed
851430,broad,SWM,"",HS2007,oecd_cleg_2014,c806426ba337f6eb613403e3645104d27ce3d4bc9997db726e789b2983ba6b58,Annex 1 PDF printed page 54,cleg_annex_anchored_hs6_category_v1,reviewed
851490,broad,SWM,"",HS2007,oecd_cleg_2014,c806426ba337f6eb613403e3645104d27ce3d4bc9997db726e789b2983ba6b58,Annex 1 PDF printed page 54,cleg_annex_anchored_hs6_category_v1,reviewed
851629,broad,SWR,"",HS2007,oecd_cleg_2014,c806426ba337f6eb613403e3645104d27ce3d4bc9997db726e789b2983ba6b58,Annex 1 PDF printed page 54,cleg_annex_anchored_hs6_category_v1,reviewed
853010,broad,CRE,"",HS2007,oecd_cleg_2014,c806426ba337f6eb613403e3645104d27ce3d4bc9997db726e789b2983ba6b58,Annex 1 PDF printed page 54,cleg_annex_anchored_hs6_category_v1,reviewed
853080,broad,CRE,"",HS2007,oecd_cleg_2014,c806426ba337f6eb613403e3645104d27ce3d4bc9997db726e789b2983ba6b58,Annex 1 PDF printed page 54,cleg_annex_anchored_hs6_category_v1,reviewed
853090,broad,CRE,"",HS2007,oecd_cleg_2014,c806426ba337f6eb613403e3645104d27ce3d4bc9997db726e789b2983ba6b58,Annex 1 PDF printed page 54,cleg_annex_anchored_hs6_category_v1,reviewed
853710,broad,REP,"",HS2007,oecd_cleg_2014,c806426ba337f6eb613403e3645104d27ce3d4bc9997db726e789b2983ba6b58,Annex 1 PDF printed page 54,cleg_annex_anchored_hs6_category_v1,reviewed
853720,broad,REP,"",HS2007,oecd_cleg_2014,c806426ba337f6eb613403e3645104d27ce3d4bc9997db726e789b2983ba6b58,Annex 1 PDF printed page 54,cleg_annex_anchored_hs6_category_v1,reviewed
853921,broad,HEM,"",HS2007,oecd_cleg_2014,c806426ba337f6eb613403e3645104d27ce3d4bc9997db726e789b2983ba6b58,Annex 1 PDF printed page 54,cleg_annex_anchored_hs6_category_v1,reviewed
853931,broad,HEM,"",HS2007,oecd_cleg_2014,c806426ba337f6eb613403e3645104d27ce3d4bc9997db726e789b2983ba6b58,Annex 1 PDF printed page 54,cleg_annex_anchored_hs6_category_v1,reviewed
853932,broad,HEM,"",HS2007,oecd_cleg_2014,c806426ba337f6eb613403e3645104d27ce3d4bc9997db726e789b2983ba6b58,Annex 1 PDF printed page 54,cleg_annex_anchored_hs6_category_v1,reviewed
854140,broad,REP,"",HS2007,oecd_cleg_2014,c806426ba337f6eb613403e3645104d27ce3d4bc9997db726e789b2983ba6b58,Annex 1 PDF printed page 54,cleg_annex_anchored_hs6_category_v1,reviewed
854370,broad,WAT,"",HS2007,oecd_cleg_2014,c806426ba337f6eb613403e3645104d27ce3d4bc9997db726e789b2983ba6b58,Annex 1 PDF printed page 54,cleg_annex_anchored_hs6_category_v1,reviewed
854390,broad,WAT,"",HS2007,oecd_cleg_2014,c806426ba337f6eb613403e3645104d27ce3d4bc9997db726e789b2983ba6b58,Annex 1 PDF printed page 54,cleg_annex_anchored_hs6_category_v1,reviewed
860110,broad,CRE,"",HS2007,oecd_cleg_2014,c806426ba337f6eb613403e3645104d27ce3d4bc9997db726e789b2983ba6b58,Annex 1 PDF printed page 54,cleg_annex_anchored_hs6_category_v1,reviewed
860120,broad,CRE,"",HS2007,oecd_cleg_2014,c806426ba337f6eb613403e3645104d27ce3d4bc9997db726e789b2983ba6b58,Annex 1 PDF printed page 54,cleg_annex_anchored_hs6_category_v1,reviewed
860210,broad,CRE,"",HS2007,oecd_cleg_2014,c806426ba337f6eb613403e3645104d27ce3d4bc9997db726e789b2983ba6b58,Annex 1 PDF printed page 54,cleg_annex_anchored_hs6_category_v1,reviewed
860290,broad,CRE,"",HS2007,oecd_cleg_2014,c806426ba337f6eb613403e3645104d27ce3d4bc9997db726e789b2983ba6b58,Annex 1 PDF printed page 54,cleg_annex_anchored_hs6_category_v1,reviewed
860310,broad,CRE,"",HS2007,oecd_cleg_2014,c806426ba337f6eb613403e3645104d27ce3d4bc9997db726e789b2983ba6b58,Annex 1 PDF printed page 54,cleg_annex_anchored_hs6_category_v1,reviewed
860390,broad,CRE,"",HS2007,oecd_cleg_2014,c806426ba337f6eb613403e3645104d27ce3d4bc9997db726e789b2983ba6b58,Annex 1 PDF printed page 54,cleg_annex_anchored_hs6_category_v1,reviewed
860400,broad,CRE,"",HS2007,oecd_cleg_2014,c806426ba337f6eb613403e3645104d27ce3d4bc9997db726e789b2983ba6b58,Annex 1 PDF printed page 54,cleg_annex_anchored_hs6_category_v1,reviewed
860500,broad,CRE,"",HS2007,oecd_cleg_2014,c806426ba337f6eb613403e3645104d27ce3d4bc9997db726e789b2983ba6b58,Annex 1 PDF printed page 54,cleg_annex_anchored_hs6_category_v1,reviewed
860610,broad,CRE,"",HS2007,oecd_cleg_2014,c806426ba337f6eb613403e3645104d27ce3d4bc9997db726e789b2983ba6b58,Annex 1 PDF printed page 54,cleg_annex_anchored_hs6_category_v1,reviewed
860630,broad,CRE,"",HS2007,oecd_cleg_2014,c806426ba337f6eb613403e3645104d27ce3d4bc9997db726e789b2983ba6b58,Annex 1 PDF printed page 54,cleg_annex_anchored_hs6_category_v1,reviewed
860691,broad,CRE,"",HS2007,oecd_cleg_2014,c806426ba337f6eb613403e3645104d27ce3d4bc9997db726e789b2983ba6b58,Annex 1 PDF printed page 54,cleg_annex_anchored_hs6_category_v1,reviewed
860692,broad,CRE,"",HS2007,oecd_cleg_2014,c806426ba337f6eb613403e3645104d27ce3d4bc9997db726e789b2983ba6b58,Annex 1 PDF printed page 55,cleg_annex_anchored_hs6_category_v1,reviewed
860699,broad,CRE,"",HS2007,oecd_cleg_2014,c806426ba337f6eb613403e3645104d27ce3d4bc9997db726e789b2983ba6b58,Annex 1 PDF printed page 55,cleg_annex_anchored_hs6_category_v1,reviewed
860711,broad,CRE,"",HS2007,oecd_cleg_2014,c806426ba337f6eb613403e3645104d27ce3d4bc9997db726e789b2983ba6b58,Annex 1 PDF printed page 55,cleg_annex_anchored_hs6_category_v1,reviewed
860712,broad,CRE,"",HS2007,oecd_cleg_2014,c806426ba337f6eb613403e3645104d27ce3d4bc9997db726e789b2983ba6b58,Annex 1 PDF printed page 55,cleg_annex_anchored_hs6_category_v1,reviewed
860719,broad,CRE,"",HS2007,oecd_cleg_2014,c806426ba337f6eb613403e3645104d27ce3d4bc9997db726e789b2983ba6b58,Annex 1 PDF printed page 55,cleg_annex_anchored_hs6_category_v1,reviewed
860721,broad,CRE,"",HS2007,oecd_cleg_2014,c806426ba337f6eb613403e3645104d27ce3d4bc9997db726e789b2983ba6b58,Annex 1 PDF printed page 55,cleg_annex_anchored_hs6_category_v1,reviewed
860729,broad,CRE,"",HS2007,oecd_cleg_2014,c806426ba337f6eb613403e3645104d27ce3d4bc9997db726e789b2983ba6b58,Annex 1 PDF printed page 55,cleg_annex_anchored_hs6_category_v1,reviewed
860730,broad,CRE,"",HS2007,oecd_cleg_2014,c806426ba337f6eb613403e3645104d27ce3d4bc9997db726e789b2983ba6b58,Annex 1 PDF printed page 55,cleg_annex_anchored_hs6_category_v1,reviewed
860791,broad,CRE,"",HS2007,oecd_cleg_2014,c806426ba337f6eb613403e3645104d27ce3d4bc9997db726e789b2983ba6b58,Annex 1 PDF printed page 55,cleg_annex_anchored_hs6_category_v1,reviewed
860799,broad,CRE,"",HS2007,oecd_cleg_2014,c806426ba337f6eb613403e3645104d27ce3d4bc9997db726e789b2983ba6b58,Annex 1 PDF printed page 55,cleg_annex_anchored_hs6_category_v1,reviewed
860800,broad,CRE,"",HS2007,oecd_cleg_2014,c806426ba337f6eb613403e3645104d27ce3d4bc9997db726e789b2983ba6b58,Annex 1 PDF printed page 55,cleg_annex_anchored_hs6_category_v1,reviewed
870290,broad,CRE,"",HS2007,oecd_cleg_2014,c806426ba337f6eb613403e3645104d27ce3d4bc9997db726e789b2983ba6b58,Annex 1 PDF printed page 55,cleg_annex_anchored_hs6_category_v1,reviewed
870390,broad,CRE,"",HS2007,oecd_cleg_2014,c806426ba337f6eb613403e3645104d27ce3d4bc9997db726e789b2983ba6b58,Annex 1 PDF printed page 55,cleg_annex_anchored_hs6_category_v1,reviewed
871200,broad,CRE,"",HS2007,oecd_cleg_2014,c806426ba337f6eb613403e3645104d27ce3d4bc9997db726e789b2983ba6b58,Annex 1 PDF printed page 55,cleg_annex_anchored_hs6_category_v1,reviewed
871411,broad,CRE,"",HS2007,oecd_cleg_2014,c806426ba337f6eb613403e3645104d27ce3d4bc9997db726e789b2983ba6b58,Annex 1 PDF printed page 55,cleg_annex_anchored_hs6_category_v1,reviewed
871419,broad,CRE,"",HS2007,oecd_cleg_2014,c806426ba337f6eb613403e3645104d27ce3d4bc9997db726e789b2983ba6b58,Annex 1 PDF printed page 55,cleg_annex_anchored_hs6_category_v1,reviewed
871420,broad,CRE,"",HS2007,oecd_cleg_2014,c806426ba337f6eb613403e3645104d27ce3d4bc9997db726e789b2983ba6b58,Annex 1 PDF printed page 55,cleg_annex_anchored_hs6_category_v1,reviewed
871491,broad,CRE,"",HS2007,oecd_cleg_2014,c806426ba337f6eb613403e3645104d27ce3d4bc9997db726e789b2983ba6b58,Annex 1 PDF printed page 55,cleg_annex_anchored_hs6_category_v1,reviewed
871492,broad,CRE,"",HS2007,oecd_cleg_2014,c806426ba337f6eb613403e3645104d27ce3d4bc9997db726e789b2983ba6b58,Annex 1 PDF printed page 55,cleg_annex_anchored_hs6_category_v1,reviewed
871493,broad,CRE,"",HS2007,oecd_cleg_2014,c806426ba337f6eb613403e3645104d27ce3d4bc9997db726e789b2983ba6b58,Annex 1 PDF printed page 55,cleg_annex_anchored_hs6_category_v1,reviewed
871494,broad,CRE,"",HS2007,oecd_cleg_2014,c806426ba337f6eb613403e3645104d27ce3d4bc9997db726e789b2983ba6b58,Annex 1 PDF printed page 55,cleg_annex_anchored_hs6_category_v1,reviewed
871495,broad,CRE,"",HS2007,oecd_cleg_2014,c806426ba337f6eb613403e3645104d27ce3d4bc9997db726e789b2983ba6b58,Annex 1 PDF printed page 55,cleg_annex_anchored_hs6_category_v1,reviewed
871496,broad,CRE,"",HS2007,oecd_cleg_2014,c806426ba337f6eb613403e3645104d27ce3d4bc9997db726e789b2983ba6b58,Annex 1 PDF printed page 55,cleg_annex_anchored_hs6_category_v1,reviewed
871499,broad,CRE,"",HS2007,oecd_cleg_2014,c806426ba337f6eb613403e3645104d27ce3d4bc9997db726e789b2983ba6b58,Annex 1 PDF printed page 55,cleg_annex_anchored_hs6_category_v1,reviewed
871639,broad,CRE,"",HS2007,oecd_cleg_2014,c806426ba337f6eb613403e3645104d27ce3d4bc9997db726e789b2983ba6b58,Annex 1 PDF printed page 55,cleg_annex_anchored_hs6_category_v1,reviewed
890790,broad,SWR,"",HS2007,oecd_cleg_2014,c806426ba337f6eb613403e3645104d27ce3d4bc9997db726e789b2983ba6b58,Annex 1 PDF printed page 55,cleg_annex_anchored_hs6_category_v1,reviewed
900190,broad,REP,"",HS2007,oecd_cleg_2014,c806426ba337f6eb613403e3645104d27ce3d4bc9997db726e789b2983ba6b58,Annex 1 PDF printed page 55,cleg_annex_anchored_hs6_category_v1,reviewed
900290,broad,REP,"",HS2007,oecd_cleg_2014,c806426ba337f6eb613403e3645104d27ce3d4bc9997db726e789b2983ba6b58,Annex 1 PDF printed page 55,cleg_annex_anchored_hs6_category_v1,reviewed
900580,broad,MON,"",HS2007,oecd_cleg_2014,c806426ba337f6eb613403e3645104d27ce3d4bc9997db726e789b2983ba6b58,Annex 1 PDF printed page 55,cleg_annex_anchored_hs6_category_v1,reviewed
901380,broad,REP,"",HS2007,oecd_cleg_2014,c806426ba337f6eb613403e3645104d27ce3d4bc9997db726e789b2983ba6b58,Annex 1 PDF printed page 55,cleg_annex_anchored_hs6_category_v1,reviewed
901390,broad,REP,"",HS2007,oecd_cleg_2014,c806426ba337f6eb613403e3645104d27ce3d4bc9997db726e789b2983ba6b58,Annex 1 PDF printed page 55,cleg_annex_anchored_hs6_category_v1,reviewed
901530,broad,MON,"",HS2007,oecd_cleg_2014,c806426ba337f6eb613403e3645104d27ce3d4bc9997db726e789b2983ba6b58,Annex 1 PDF printed page 55,cleg_annex_anchored_hs6_category_v1,reviewed
901540,broad,MON,"",HS2007,oecd_cleg_2014,c806426ba337f6eb613403e3645104d27ce3d4bc9997db726e789b2983ba6b58,Annex 1 PDF printed page 55,cleg_annex_anchored_hs6_category_v1,reviewed
901580,broad,MON,"",HS2007,oecd_cleg_2014,c806426ba337f6eb613403e3645104d27ce3d4bc9997db726e789b2983ba6b58,Annex 1 PDF printed page 55,cleg_annex_anchored_hs6_category_v1,reviewed
901590,broad,MON,"",HS2007,oecd_cleg_2014,c806426ba337f6eb613403e3645104d27ce3d4bc9997db726e789b2983ba6b58,Annex 1 PDF printed page 55,cleg_annex_anchored_hs6_category_v1,reviewed
902511,broad,MON,"",HS2007,oecd_cleg_2014,c806426ba337f6eb613403e3645104d27ce3d4bc9997db726e789b2983ba6b58,Annex 1 PDF printed page 55,cleg_annex_anchored_hs6_category_v1,reviewed
902519,broad,MON,"",HS2007,oecd_cleg_2014,c806426ba337f6eb613403e3645104d27ce3d4bc9997db726e789b2983ba6b58,Annex 1 PDF printed page 55,cleg_annex_anchored_hs6_category_v1,reviewed
902610,broad,MON,"",HS2007,oecd_cleg_2014,c806426ba337f6eb613403e3645104d27ce3d4bc9997db726e789b2983ba6b58,Annex 1 PDF printed page 55,cleg_annex_anchored_hs6_category_v1,reviewed
902620,broad,MON,"",HS2007,oecd_cleg_2014,c806426ba337f6eb613403e3645104d27ce3d4bc9997db726e789b2983ba6b58,Annex 1 PDF printed page 55,cleg_annex_anchored_hs6_category_v1,reviewed
902680,broad,MON,"",HS2007,oecd_cleg_2014,c806426ba337f6eb613403e3645104d27ce3d4bc9997db726e789b2983ba6b58,Annex 1 PDF printed page 55,cleg_annex_anchored_hs6_category_v1,reviewed
902690,broad,MON,"",HS2007,oecd_cleg_2014,c806426ba337f6eb613403e3645104d27ce3d4bc9997db726e789b2983ba6b58,Annex 1 PDF printed page 55,cleg_annex_anchored_hs6_category_v1,reviewed
902710,broad,MON,"",HS2007,oecd_cleg_2014,c806426ba337f6eb613403e3645104d27ce3d4bc9997db726e789b2983ba6b58,Annex 1 PDF printed page 55,cleg_annex_anchored_hs6_category_v1,reviewed
902720,broad,MON,"",HS2007,oecd_cleg_2014,c806426ba337f6eb613403e3645104d27ce3d4bc9997db726e789b2983ba6b58,Annex 1 PDF printed page 55,cleg_annex_anchored_hs6_category_v1,reviewed
902730,broad,MON,"",HS2007,oecd_cleg_2014,c806426ba337f6eb613403e3645104d27ce3d4bc9997db726e789b2983ba6b58,Annex 1 PDF printed page 55,cleg_annex_anchored_hs6_category_v1,reviewed
902750,broad,MON,"",HS2007,oecd_cleg_2014,c806426ba337f6eb613403e3645104d27ce3d4bc9997db726e789b2983ba6b58,Annex 1 PDF printed page 56,cleg_annex_anchored_hs6_category_v1,reviewed
902780,broad,MON,"",HS2007,oecd_cleg_2014,c806426ba337f6eb613403e3645104d27ce3d4bc9997db726e789b2983ba6b58,Annex 1 PDF printed page 56,cleg_annex_anchored_hs6_category_v1,reviewed
902790,broad,MON,"",HS2007,oecd_cleg_2014,c806426ba337f6eb613403e3645104d27ce3d4bc9997db726e789b2983ba6b58,Annex 1 PDF printed page 56,cleg_annex_anchored_hs6_category_v1,reviewed
902810,broad,MON,"",HS2007,oecd_cleg_2014,c806426ba337f6eb613403e3645104d27ce3d4bc9997db726e789b2983ba6b58,Annex 1 PDF printed page 56,cleg_annex_anchored_hs6_category_v1,reviewed
902820,broad,MON,"",HS2007,oecd_cleg_2014,c806426ba337f6eb613403e3645104d27ce3d4bc9997db726e789b2983ba6b58,Annex 1 PDF printed page 56,cleg_annex_anchored_hs6_category_v1,reviewed
902830,broad,HEM,"",HS2007,oecd_cleg_2014,c806426ba337f6eb613403e3645104d27ce3d4bc9997db726e789b2983ba6b58,Annex 1 PDF printed page 56,cleg_annex_anchored_hs6_category_v1,reviewed
902890,broad,HEM,"",HS2007,oecd_cleg_2014,c806426ba337f6eb613403e3645104d27ce3d4bc9997db726e789b2983ba6b58,Annex 1 PDF printed page 56,cleg_annex_anchored_hs6_category_v1,reviewed
903010,broad,MON,"",HS2007,oecd_cleg_2014,c806426ba337f6eb613403e3645104d27ce3d4bc9997db726e789b2983ba6b58,Annex 1 PDF printed page 56,cleg_annex_anchored_hs6_category_v1,reviewed
903020,broad,MON,"",HS2007,oecd_cleg_2014,c806426ba337f6eb613403e3645104d27ce3d4bc9997db726e789b2983ba6b58,Annex 1 PDF printed page 56,cleg_annex_anchored_hs6_category_v1,reviewed
903031,broad,MON,"",HS2007,oecd_cleg_2014,c806426ba337f6eb613403e3645104d27ce3d4bc9997db726e789b2983ba6b58,Annex 1 PDF printed page 56,cleg_annex_anchored_hs6_category_v1,reviewed
903032,broad,MON,"",HS2007,oecd_cleg_2014,c806426ba337f6eb613403e3645104d27ce3d4bc9997db726e789b2983ba6b58,Annex 1 PDF printed page 56,cleg_annex_anchored_hs6_category_v1,reviewed
903033,broad,MON,"",HS2007,oecd_cleg_2014,c806426ba337f6eb613403e3645104d27ce3d4bc9997db726e789b2983ba6b58,Annex 1 PDF printed page 56,cleg_annex_anchored_hs6_category_v1,reviewed
903039,broad,MON,"",HS2007,oecd_cleg_2014,c806426ba337f6eb613403e3645104d27ce3d4bc9997db726e789b2983ba6b58,Annex 1 PDF printed page 56,cleg_annex_anchored_hs6_category_v1,reviewed
903084,broad,MON,"",HS2007,oecd_cleg_2014,c806426ba337f6eb613403e3645104d27ce3d4bc9997db726e789b2983ba6b58,Annex 1 PDF printed page 56,cleg_annex_anchored_hs6_category_v1,reviewed
903089,broad,MON,"",HS2007,oecd_cleg_2014,c806426ba337f6eb613403e3645104d27ce3d4bc9997db726e789b2983ba6b58,Annex 1 PDF printed page 56,cleg_annex_anchored_hs6_category_v1,reviewed
903090,broad,MON,"",HS2007,oecd_cleg_2014,c806426ba337f6eb613403e3645104d27ce3d4bc9997db726e789b2983ba6b58,Annex 1 PDF printed page 56,cleg_annex_anchored_hs6_category_v1,reviewed
903110,broad,NVA,"",HS2007,oecd_cleg_2014,c806426ba337f6eb613403e3645104d27ce3d4bc9997db726e789b2983ba6b58,Annex 1 PDF printed page 56,cleg_annex_anchored_hs6_category_v1,reviewed
903120,broad,MON,"",HS2007,oecd_cleg_2014,c806426ba337f6eb613403e3645104d27ce3d4bc9997db726e789b2983ba6b58,Annex 1 PDF printed page 56,cleg_annex_anchored_hs6_category_v1,reviewed
903149,broad,MON,"",HS2007,oecd_cleg_2014,c806426ba337f6eb613403e3645104d27ce3d4bc9997db726e789b2983ba6b58,Annex 1 PDF printed page 56,cleg_annex_anchored_hs6_category_v1,reviewed
903180,broad,MON,"",HS2007,oecd_cleg_2014,c806426ba337f6eb613403e3645104d27ce3d4bc9997db726e789b2983ba6b58,Annex 1 PDF printed page 56,cleg_annex_anchored_hs6_category_v1,reviewed
903190,broad,MON,"",HS2007,oecd_cleg_2014,c806426ba337f6eb613403e3645104d27ce3d4bc9997db726e789b2983ba6b58,Annex 1 PDF printed page 56,cleg_annex_anchored_hs6_category_v1,reviewed
903210,broad,MON,"",HS2007,oecd_cleg_2014,c806426ba337f6eb613403e3645104d27ce3d4bc9997db726e789b2983ba6b58,Annex 1 PDF printed page 56,cleg_annex_anchored_hs6_category_v1,reviewed
903220,broad,MON,"",HS2007,oecd_cleg_2014,c806426ba337f6eb613403e3645104d27ce3d4bc9997db726e789b2983ba6b58,Annex 1 PDF printed page 56,cleg_annex_anchored_hs6_category_v1,reviewed
903281,broad,MON,"",HS2007,oecd_cleg_2014,c806426ba337f6eb613403e3645104d27ce3d4bc9997db726e789b2983ba6b58,Annex 1 PDF printed page 56,cleg_annex_anchored_hs6_category_v1,reviewed
903289,broad,REP,"",HS2007,oecd_cleg_2014,c806426ba337f6eb613403e3645104d27ce3d4bc9997db726e789b2983ba6b58,Annex 1 PDF printed page 56,cleg_annex_anchored_hs6_category_v1,reviewed
903290,broad,MON,"",HS2007,oecd_cleg_2014,c806426ba337f6eb613403e3645104d27ce3d4bc9997db726e789b2983ba6b58,Annex 1 PDF printed page 56,cleg_annex_anchored_hs6_category_v1,reviewed
903300,broad,MON,"",HS2007,oecd_cleg_2014,c806426ba337f6eb613403e3645104d27ce3d4bc9997db726e789b2983ba6b58,Annex 1 PDF printed page 56,cleg_annex_anchored_hs6_category_v1,reviewed
940510,broad,HEM,"",HS2007,oecd_cleg_2014,c806426ba337f6eb613403e3645104d27ce3d4bc9997db726e789b2983ba6b58,Annex 1 PDF printed page 56,cleg_annex_anchored_hs6_category_v1,reviewed
940520,broad,HEM,"",HS2007,oecd_cleg_2014,c806426ba337f6eb613403e3645104d27ce3d4bc9997db726e789b2983ba6b58,Annex 1 PDF printed page 56,cleg_annex_anchored_hs6_category_v1,reviewed
940540,broad,HEM,"",HS2007,oecd_cleg_2014,c806426ba337f6eb613403e3645104d27ce3d4bc9997db726e789b2983ba6b58,Annex 1 PDF printed page 56,cleg_annex_anchored_hs6_category_v1,reviewed
950720,broad,NRP,"",HS2007,oecd_cleg_2014,c806426ba337f6eb613403e3645104d27ce3d4bc9997db726e789b2983ba6b58,Annex 1 PDF printed page 56,cleg_annex_anchored_hs6_category_v1,reviewed
390940,main,HEM,"",HS2007,oecd_cleg_2014,c806426ba337f6eb613403e3645104d27ce3d4bc9997db726e789b2983ba6b58,Annex 1 PDF printed page 51,cleg_annex_anchored_hs6_category_v1,reviewed
392030,main,HEM,"",HS2007,oecd_cleg_2014,c806426ba337f6eb613403e3645104d27ce3d4bc9997db726e789b2983ba6b58,Annex 1 PDF printed page 51,cleg_annex_anchored_hs6_category_v1,reviewed
392111,main,HEM,"",HS2007,oecd_cleg_2014,c806426ba337f6eb613403e3645104d27ce3d4bc9997db726e789b2983ba6b58,Annex 1 PDF printed page 51,cleg_annex_anchored_hs6_category_v1,reviewed
392113,main,HEM,"",HS2007,oecd_cleg_2014,c806426ba337f6eb613403e3645104d27ce3d4bc9997db726e789b2983ba6b58,Annex 1 PDF printed page 51,cleg_annex_anchored_hs6_category_v1,reviewed
392510,main,REP,"",HS2007,oecd_cleg_2014,c806426ba337f6eb613403e3645104d27ce3d4bc9997db726e789b2983ba6b58,Annex 1 PDF printed page 51,cleg_annex_anchored_hs6_category_v1,reviewed
450490,main,HEM,"",HS2007,oecd_cleg_2014,c806426ba337f6eb613403e3645104d27ce3d4bc9997db726e789b2983ba6b58,Annex 1 PDF printed page 51,cleg_annex_anchored_hs6_category_v1,reviewed
540500,main,HEM,"",HS2007,oecd_cleg_2014,c806426ba337f6eb613403e3645104d27ce3d4bc9997db726e789b2983ba6b58,Annex 1 PDF printed page 51,cleg_annex_anchored_hs6_category_v1,reviewed
680610,main,HEM,"",HS2007,oecd_cleg_2014,c806426ba337f6eb613403e3645104d27ce3d4bc9997db726e789b2983ba6b58,Annex 1 PDF printed page 51,cleg_annex_anchored_hs6_category_v1,reviewed
680690,main,HEM,"",HS2007,oecd_cleg_2014,c806426ba337f6eb613403e3645104d27ce3d4bc9997db726e789b2983ba6b58,Annex 1 PDF printed page 51,cleg_annex_anchored_hs6_category_v1,reviewed
680800,main,HEM,"",HS2007,oecd_cleg_2014,c806426ba337f6eb613403e3645104d27ce3d4bc9997db726e789b2983ba6b58,Annex 1 PDF printed page 51,cleg_annex_anchored_hs6_category_v1,reviewed
681011,main,HEM,"",HS2007,oecd_cleg_2014,c806426ba337f6eb613403e3645104d27ce3d4bc9997db726e789b2983ba6b58,Annex 1 PDF printed page 51,cleg_annex_anchored_hs6_category_v1,reviewed
681019,main,HEM,"",HS2007,oecd_cleg_2014,c806426ba337f6eb613403e3645104d27ce3d4bc9997db726e789b2983ba6b58,Annex 1 PDF printed page 51,cleg_annex_anchored_hs6_category_v1,reviewed
681091,main,HEM,"",HS2007,oecd_cleg_2014,c806426ba337f6eb613403e3645104d27ce3d4bc9997db726e789b2983ba6b58,Annex 1 PDF printed page 51,cleg_annex_anchored_hs6_category_v1,reviewed
700800,main,HEM,"",HS2007,oecd_cleg_2014,c806426ba337f6eb613403e3645104d27ce3d4bc9997db726e789b2983ba6b58,Annex 1 PDF printed page 51,cleg_annex_anchored_hs6_category_v1,reviewed
700991,main,REP,"",HS2007,oecd_cleg_2014,c806426ba337f6eb613403e3645104d27ce3d4bc9997db726e789b2983ba6b58,Annex 1 PDF printed page 51,cleg_annex_anchored_hs6_category_v1,reviewed
700992,main,REP,"",HS2007,oecd_cleg_2014,c806426ba337f6eb613403e3645104d27ce3d4bc9997db726e789b2983ba6b58,Annex 1 PDF printed page 51,cleg_annex_anchored_hs6_category_v1,reviewed
701931,main,HEM,"",HS2007,oecd_cleg_2014,c806426ba337f6eb613403e3645104d27ce3d4bc9997db726e789b2983ba6b58,Annex 1 PDF printed page 51,cleg_annex_anchored_hs6_category_v1,reviewed
701939,main,HEM,"",HS2007,oecd_cleg_2014,c806426ba337f6eb613403e3645104d27ce3d4bc9997db726e789b2983ba6b58,Annex 1 PDF printed page 51,cleg_annex_anchored_hs6_category_v1,reviewed
730210,main,CRE,"",HS2007,oecd_cleg_2014,c806426ba337f6eb613403e3645104d27ce3d4bc9997db726e789b2983ba6b58,Annex 1 PDF printed page 51,cleg_annex_anchored_hs6_category_v1,reviewed
730230,main,CRE,"",HS2007,oecd_cleg_2014,c806426ba337f6eb613403e3645104d27ce3d4bc9997db726e789b2983ba6b58,Annex 1 PDF printed page 51,cleg_annex_anchored_hs6_category_v1,reviewed
730240,main,CRE,"",HS2007,oecd_cleg_2014,c806426ba337f6eb613403e3645104d27ce3d4bc9997db726e789b2983ba6b58,Annex 1 PDF printed page 51,cleg_annex_anchored_hs6_category_v1,reviewed
730290,main,CRE,"",HS2007,oecd_cleg_2014,c806426ba337f6eb613403e3645104d27ce3d4bc9997db726e789b2983ba6b58,Annex 1 PDF printed page 51,cleg_annex_anchored_hs6_category_v1,reviewed
730820,main,REP,"",HS2007,oecd_cleg_2014,c806426ba337f6eb613403e3645104d27ce3d4bc9997db726e789b2983ba6b58,Annex 1 PDF printed page 51,cleg_annex_anchored_hs6_category_v1,reviewed
730890,main,REP,"",HS2007,oecd_cleg_2014,c806426ba337f6eb613403e3645104d27ce3d4bc9997db726e789b2983ba6b58,Annex 1 PDF printed page 52,cleg_annex_anchored_hs6_category_v1,reviewed
732111,main,CRE,"",HS2007,oecd_cleg_2014,c806426ba337f6eb613403e3645104d27ce3d4bc9997db726e789b2983ba6b58,Annex 1 PDF printed page 52,cleg_annex_anchored_hs6_category_v1,reviewed
732119,main,REP,"",HS2007,oecd_cleg_2014,c806426ba337f6eb613403e3645104d27ce3d4bc9997db726e789b2983ba6b58,Annex 1 PDF printed page 52,cleg_annex_anchored_hs6_category_v1,reviewed
732189,main,REP,"",HS2007,oecd_cleg_2014,c806426ba337f6eb613403e3645104d27ce3d4bc9997db726e789b2983ba6b58,Annex 1 PDF printed page 52,cleg_annex_anchored_hs6_category_v1,reviewed
732190,main,CRE,"",HS2007,oecd_cleg_2014,c806426ba337f6eb613403e3645104d27ce3d4bc9997db726e789b2983ba6b58,Annex 1 PDF printed page 52,cleg_annex_anchored_hs6_category_v1,reviewed
761090,main,REP,"",HS2007,oecd_cleg_2014,c806426ba337f6eb613403e3645104d27ce3d4bc9997db726e789b2983ba6b58,Annex 1 PDF printed page 52,cleg_annex_anchored_hs6_category_v1,reviewed
761100,main,REP,"",HS2007,oecd_cleg_2014,c806426ba337f6eb613403e3645104d27ce3d4bc9997db726e789b2983ba6b58,Annex 1 PDF printed page 52,cleg_annex_anchored_hs6_category_v1,reviewed
830630,main,REP,"",HS2007,oecd_cleg_2014,c806426ba337f6eb613403e3645104d27ce3d4bc9997db726e789b2983ba6b58,Annex 1 PDF printed page 52,cleg_annex_anchored_hs6_category_v1,reviewed
840681,main,REP,"",HS2007,oecd_cleg_2014,c806426ba337f6eb613403e3645104d27ce3d4bc9997db726e789b2983ba6b58,Annex 1 PDF printed page 52,cleg_annex_anchored_hs6_category_v1,reviewed
840682,main,REP,"",HS2007,oecd_cleg_2014,c806426ba337f6eb613403e3645104d27ce3d4bc9997db726e789b2983ba6b58,Annex 1 PDF printed page 52,cleg_annex_anchored_hs6_category_v1,reviewed
840690,main,REP,"",HS2007,oecd_cleg_2014,c806426ba337f6eb613403e3645104d27ce3d4bc9997db726e789b2983ba6b58,Annex 1 PDF printed page 52,cleg_annex_anchored_hs6_category_v1,reviewed
841011,main,REP,"",HS2007,oecd_cleg_2014,c806426ba337f6eb613403e3645104d27ce3d4bc9997db726e789b2983ba6b58,Annex 1 PDF printed page 52,cleg_annex_anchored_hs6_category_v1,reviewed
841012,main,REP,"",HS2007,oecd_cleg_2014,c806426ba337f6eb613403e3645104d27ce3d4bc9997db726e789b2983ba6b58,Annex 1 PDF printed page 52,cleg_annex_anchored_hs6_category_v1,reviewed
841013,main,REP,"",HS2007,oecd_cleg_2014,c806426ba337f6eb613403e3645104d27ce3d4bc9997db726e789b2983ba6b58,Annex 1 PDF printed page 52,cleg_annex_anchored_hs6_category_v1,reviewed
841090,main,REP,"",HS2007,oecd_cleg_2014,c806426ba337f6eb613403e3645104d27ce3d4bc9997db726e789b2983ba6b58,Annex 1 PDF printed page 52,cleg_annex_anchored_hs6_category_v1,reviewed
841181,main,REP,"",HS2007,oecd_cleg_2014,c806426ba337f6eb613403e3645104d27ce3d4bc9997db726e789b2983ba6b58,Annex 1 PDF printed page 52,cleg_annex_anchored_hs6_category_v1,reviewed
841182,main,REP,"",HS2007,oecd_cleg_2014,c806426ba337f6eb613403e3645104d27ce3d4bc9997db726e789b2983ba6b58,Annex 1 PDF printed page 52,cleg_annex_anchored_hs6_category_v1,reviewed
841199,main,REP,"",HS2007,oecd_cleg_2014,c806426ba337f6eb613403e3645104d27ce3d4bc9997db726e789b2983ba6b58,Annex 1 PDF printed page 52,cleg_annex_anchored_hs6_category_v1,reviewed
841280,main,REP,"",HS2007,oecd_cleg_2014,c806426ba337f6eb613403e3645104d27ce3d4bc9997db726e789b2983ba6b58,Annex 1 PDF printed page 52,cleg_annex_anchored_hs6_category_v1,reviewed
841290,main,REP,"",HS2007,oecd_cleg_2014,c806426ba337f6eb613403e3645104d27ce3d4bc9997db726e789b2983ba6b58,Annex 1 PDF printed page 52,cleg_annex_anchored_hs6_category_v1,reviewed
841581,main,REP,"",HS2007,oecd_cleg_2014,c806426ba337f6eb613403e3645104d27ce3d4bc9997db726e789b2983ba6b58,Annex 1 PDF printed page 53,cleg_annex_anchored_hs6_category_v1,reviewed
841861,main,REP,"",HS2007,oecd_cleg_2014,c806426ba337f6eb613403e3645104d27ce3d4bc9997db726e789b2983ba6b58,Annex 1 PDF printed page 53,cleg_annex_anchored_hs6_category_v1,reviewed
841869,main,REP,"",HS2007,oecd_cleg_2014,c806426ba337f6eb613403e3645104d27ce3d4bc9997db726e789b2983ba6b58,Annex 1 PDF printed page 53,cleg_annex_anchored_hs6_category_v1,reviewed
841919,main,REP,"",HS2007,oecd_cleg_2014,c806426ba337f6eb613403e3645104d27ce3d4bc9997db726e789b2983ba6b58,Annex 1 PDF printed page 53,cleg_annex_anchored_hs6_category_v1,reviewed
841950,main,HEM,"",HS2007,oecd_cleg_2014,c806426ba337f6eb613403e3645104d27ce3d4bc9997db726e789b2983ba6b58,Annex 1 PDF printed page 53,cleg_annex_anchored_hs6_category_v1,reviewed
841990,main,REP,"",HS2007,oecd_cleg_2014,c806426ba337f6eb613403e3645104d27ce3d4bc9997db726e789b2983ba6b58,Annex 1 PDF printed page 53,cleg_annex_anchored_hs6_category_v1,reviewed
848340,main,REP,"",HS2007,oecd_cleg_2014,c806426ba337f6eb613403e3645104d27ce3d4bc9997db726e789b2983ba6b58,Annex 1 PDF printed page 53,cleg_annex_anchored_hs6_category_v1,reviewed
848360,main,REP,"",HS2007,oecd_cleg_2014,c806426ba337f6eb613403e3645104d27ce3d4bc9997db726e789b2983ba6b58,Annex 1 PDF printed page 53,cleg_annex_anchored_hs6_category_v1,reviewed
850161,main,REP,"",HS2007,oecd_cleg_2014,c806426ba337f6eb613403e3645104d27ce3d4bc9997db726e789b2983ba6b58,Annex 1 PDF printed page 53,cleg_annex_anchored_hs6_category_v1,reviewed
850162,main,REP,"",HS2007,oecd_cleg_2014,c806426ba337f6eb613403e3645104d27ce3d4bc9997db726e789b2983ba6b58,Annex 1 PDF printed page 53,cleg_annex_anchored_hs6_category_v1,reviewed
850163,main,REP,"",HS2007,oecd_cleg_2014,c806426ba337f6eb613403e3645104d27ce3d4bc9997db726e789b2983ba6b58,Annex 1 PDF printed page 53,cleg_annex_anchored_hs6_category_v1,reviewed
850164,main,REP,"",HS2007,oecd_cleg_2014,c806426ba337f6eb613403e3645104d27ce3d4bc9997db726e789b2983ba6b58,Annex 1 PDF printed page 53,cleg_annex_anchored_hs6_category_v1,reviewed
850220,main,HEM,"",HS2007,oecd_cleg_2014,c806426ba337f6eb613403e3645104d27ce3d4bc9997db726e789b2983ba6b58,Annex 1 PDF printed page 54,cleg_annex_anchored_hs6_category_v1,reviewed
850231,main,REP,"",HS2007,oecd_cleg_2014,c806426ba337f6eb613403e3645104d27ce3d4bc9997db726e789b2983ba6b58,Annex 1 PDF printed page 54,cleg_annex_anchored_hs6_category_v1,reviewed
850239,main,REP,"",HS2007,oecd_cleg_2014,c806426ba337f6eb613403e3645104d27ce3d4bc9997db726e789b2983ba6b58,Annex 1 PDF printed page 54,cleg_annex_anchored_hs6_category_v1,reviewed
850300,main,REP,"",HS2007,oecd_cleg_2014,c806426ba337f6eb613403e3645104d27ce3d4bc9997db726e789b2983ba6b58,Annex 1 PDF printed page 54,cleg_annex_anchored_hs6_category_v1,reviewed
850421,main,REP,"",HS2007,oecd_cleg_2014,c806426ba337f6eb613403e3645104d27ce3d4bc9997db726e789b2983ba6b58,Annex 1 PDF printed page 54,cleg_annex_anchored_hs6_category_v1,reviewed
850422,main,REP,"",HS2007,oecd_cleg_2014,c806426ba337f6eb613403e3645104d27ce3d4bc9997db726e789b2983ba6b58,Annex 1 PDF printed page 54,cleg_annex_anchored_hs6_category_v1,reviewed
850423,main,REP,"",HS2007,oecd_cleg_2014,c806426ba337f6eb613403e3645104d27ce3d4bc9997db726e789b2983ba6b58,Annex 1 PDF printed page 54,cleg_annex_anchored_hs6_category_v1,reviewed
850431,main,REP,"",HS2007,oecd_cleg_2014,c806426ba337f6eb613403e3645104d27ce3d4bc9997db726e789b2983ba6b58,Annex 1 PDF printed page 54,cleg_annex_anchored_hs6_category_v1,reviewed
850432,main,REP,"",HS2007,oecd_cleg_2014,c806426ba337f6eb613403e3645104d27ce3d4bc9997db726e789b2983ba6b58,Annex 1 PDF printed page 54,cleg_annex_anchored_hs6_category_v1,reviewed
850433,main,REP,"",HS2007,oecd_cleg_2014,c806426ba337f6eb613403e3645104d27ce3d4bc9997db726e789b2983ba6b58,Annex 1 PDF printed page 54,cleg_annex_anchored_hs6_category_v1,reviewed
850434,main,REP,"",HS2007,oecd_cleg_2014,c806426ba337f6eb613403e3645104d27ce3d4bc9997db726e789b2983ba6b58,Annex 1 PDF printed page 54,cleg_annex_anchored_hs6_category_v1,reviewed
850440,main,REP,"",HS2007,oecd_cleg_2014,c806426ba337f6eb613403e3645104d27ce3d4bc9997db726e789b2983ba6b58,Annex 1 PDF printed page 54,cleg_annex_anchored_hs6_category_v1,reviewed
850490,main,REP,"",HS2007,oecd_cleg_2014,c806426ba337f6eb613403e3645104d27ce3d4bc9997db726e789b2983ba6b58,Annex 1 PDF printed page 54,cleg_annex_anchored_hs6_category_v1,reviewed
850680,main,CRE,"",HS2007,oecd_cleg_2014,c806426ba337f6eb613403e3645104d27ce3d4bc9997db726e789b2983ba6b58,Annex 1 PDF printed page 54,cleg_annex_anchored_hs6_category_v1,reviewed
850720,main,REP,"",HS2007,oecd_cleg_2014,c806426ba337f6eb613403e3645104d27ce3d4bc9997db726e789b2983ba6b58,Annex 1 PDF printed page 54,cleg_annex_anchored_hs6_category_v1,reviewed
850980,main,CRE,"",HS2007,oecd_cleg_2014,c806426ba337f6eb613403e3645104d27ce3d4bc9997db726e789b2983ba6b58,Annex 1 PDF printed page 54,cleg_annex_anchored_hs6_category_v1,reviewed
853010,main,CRE,"",HS2007,oecd_cleg_2014,c806426ba337f6eb613403e3645104d27ce3d4bc9997db726e789b2983ba6b58,Annex 1 PDF printed page 54,cleg_annex_anchored_hs6_category_v1,reviewed
853080,main,CRE,"",HS2007,oecd_cleg_2014,c806426ba337f6eb613403e3645104d27ce3d4bc9997db726e789b2983ba6b58,Annex 1 PDF printed page 54,cleg_annex_anchored_hs6_category_v1,reviewed
853090,main,CRE,"",HS2007,oecd_cleg_2014,c806426ba337f6eb613403e3645104d27ce3d4bc9997db726e789b2983ba6b58,Annex 1 PDF printed page 54,cleg_annex_anchored_hs6_category_v1,reviewed
853710,main,REP,"",HS2007,oecd_cleg_2014,c806426ba337f6eb613403e3645104d27ce3d4bc9997db726e789b2983ba6b58,Annex 1 PDF printed page 54,cleg_annex_anchored_hs6_category_v1,reviewed
853720,main,REP,"",HS2007,oecd_cleg_2014,c806426ba337f6eb613403e3645104d27ce3d4bc9997db726e789b2983ba6b58,Annex 1 PDF printed page 54,cleg_annex_anchored_hs6_category_v1,reviewed
853921,main,HEM,"",HS2007,oecd_cleg_2014,c806426ba337f6eb613403e3645104d27ce3d4bc9997db726e789b2983ba6b58,Annex 1 PDF printed page 54,cleg_annex_anchored_hs6_category_v1,reviewed
853931,main,HEM,"",HS2007,oecd_cleg_2014,c806426ba337f6eb613403e3645104d27ce3d4bc9997db726e789b2983ba6b58,Annex 1 PDF printed page 54,cleg_annex_anchored_hs6_category_v1,reviewed
853932,main,HEM,"",HS2007,oecd_cleg_2014,c806426ba337f6eb613403e3645104d27ce3d4bc9997db726e789b2983ba6b58,Annex 1 PDF printed page 54,cleg_annex_anchored_hs6_category_v1,reviewed
854140,main,REP,"",HS2007,oecd_cleg_2014,c806426ba337f6eb613403e3645104d27ce3d4bc9997db726e789b2983ba6b58,Annex 1 PDF printed page 54,cleg_annex_anchored_hs6_category_v1,reviewed
860110,main,CRE,"",HS2007,oecd_cleg_2014,c806426ba337f6eb613403e3645104d27ce3d4bc9997db726e789b2983ba6b58,Annex 1 PDF printed page 54,cleg_annex_anchored_hs6_category_v1,reviewed
860120,main,CRE,"",HS2007,oecd_cleg_2014,c806426ba337f6eb613403e3645104d27ce3d4bc9997db726e789b2983ba6b58,Annex 1 PDF printed page 54,cleg_annex_anchored_hs6_category_v1,reviewed
860210,main,CRE,"",HS2007,oecd_cleg_2014,c806426ba337f6eb613403e3645104d27ce3d4bc9997db726e789b2983ba6b58,Annex 1 PDF printed page 54,cleg_annex_anchored_hs6_category_v1,reviewed
860290,main,CRE,"",HS2007,oecd_cleg_2014,c806426ba337f6eb613403e3645104d27ce3d4bc9997db726e789b2983ba6b58,Annex 1 PDF printed page 54,cleg_annex_anchored_hs6_category_v1,reviewed
860310,main,CRE,"",HS2007,oecd_cleg_2014,c806426ba337f6eb613403e3645104d27ce3d4bc9997db726e789b2983ba6b58,Annex 1 PDF printed page 54,cleg_annex_anchored_hs6_category_v1,reviewed
860390,main,CRE,"",HS2007,oecd_cleg_2014,c806426ba337f6eb613403e3645104d27ce3d4bc9997db726e789b2983ba6b58,Annex 1 PDF printed page 54,cleg_annex_anchored_hs6_category_v1,reviewed
860400,main,CRE,"",HS2007,oecd_cleg_2014,c806426ba337f6eb613403e3645104d27ce3d4bc9997db726e789b2983ba6b58,Annex 1 PDF printed page 54,cleg_annex_anchored_hs6_category_v1,reviewed
860500,main,CRE,"",HS2007,oecd_cleg_2014,c806426ba337f6eb613403e3645104d27ce3d4bc9997db726e789b2983ba6b58,Annex 1 PDF printed page 54,cleg_annex_anchored_hs6_category_v1,reviewed
860610,main,CRE,"",HS2007,oecd_cleg_2014,c806426ba337f6eb613403e3645104d27ce3d4bc9997db726e789b2983ba6b58,Annex 1 PDF printed page 54,cleg_annex_anchored_hs6_category_v1,reviewed
860630,main,CRE,"",HS2007,oecd_cleg_2014,c806426ba337f6eb613403e3645104d27ce3d4bc9997db726e789b2983ba6b58,Annex 1 PDF printed page 54,cleg_annex_anchored_hs6_category_v1,reviewed
860691,main,CRE,"",HS2007,oecd_cleg_2014,c806426ba337f6eb613403e3645104d27ce3d4bc9997db726e789b2983ba6b58,Annex 1 PDF printed page 54,cleg_annex_anchored_hs6_category_v1,reviewed
860692,main,CRE,"",HS2007,oecd_cleg_2014,c806426ba337f6eb613403e3645104d27ce3d4bc9997db726e789b2983ba6b58,Annex 1 PDF printed page 55,cleg_annex_anchored_hs6_category_v1,reviewed
860699,main,CRE,"",HS2007,oecd_cleg_2014,c806426ba337f6eb613403e3645104d27ce3d4bc9997db726e789b2983ba6b58,Annex 1 PDF printed page 55,cleg_annex_anchored_hs6_category_v1,reviewed
860711,main,CRE,"",HS2007,oecd_cleg_2014,c806426ba337f6eb613403e3645104d27ce3d4bc9997db726e789b2983ba6b58,Annex 1 PDF printed page 55,cleg_annex_anchored_hs6_category_v1,reviewed
860712,main,CRE,"",HS2007,oecd_cleg_2014,c806426ba337f6eb613403e3645104d27ce3d4bc9997db726e789b2983ba6b58,Annex 1 PDF printed page 55,cleg_annex_anchored_hs6_category_v1,reviewed
860719,main,CRE,"",HS2007,oecd_cleg_2014,c806426ba337f6eb613403e3645104d27ce3d4bc9997db726e789b2983ba6b58,Annex 1 PDF printed page 55,cleg_annex_anchored_hs6_category_v1,reviewed
860721,main,CRE,"",HS2007,oecd_cleg_2014,c806426ba337f6eb613403e3645104d27ce3d4bc9997db726e789b2983ba6b58,Annex 1 PDF printed page 55,cleg_annex_anchored_hs6_category_v1,reviewed
860729,main,CRE,"",HS2007,oecd_cleg_2014,c806426ba337f6eb613403e3645104d27ce3d4bc9997db726e789b2983ba6b58,Annex 1 PDF printed page 55,cleg_annex_anchored_hs6_category_v1,reviewed
860730,main,CRE,"",HS2007,oecd_cleg_2014,c806426ba337f6eb613403e3645104d27ce3d4bc9997db726e789b2983ba6b58,Annex 1 PDF printed page 55,cleg_annex_anchored_hs6_category_v1,reviewed
860791,main,CRE,"",HS2007,oecd_cleg_2014,c806426ba337f6eb613403e3645104d27ce3d4bc9997db726e789b2983ba6b58,Annex 1 PDF printed page 55,cleg_annex_anchored_hs6_category_v1,reviewed
860799,main,CRE,"",HS2007,oecd_cleg_2014,c806426ba337f6eb613403e3645104d27ce3d4bc9997db726e789b2983ba6b58,Annex 1 PDF printed page 55,cleg_annex_anchored_hs6_category_v1,reviewed
860800,main,CRE,"",HS2007,oecd_cleg_2014,c806426ba337f6eb613403e3645104d27ce3d4bc9997db726e789b2983ba6b58,Annex 1 PDF printed page 55,cleg_annex_anchored_hs6_category_v1,reviewed
870290,main,CRE,"",HS2007,oecd_cleg_2014,c806426ba337f6eb613403e3645104d27ce3d4bc9997db726e789b2983ba6b58,Annex 1 PDF printed page 55,cleg_annex_anchored_hs6_category_v1,reviewed
870390,main,CRE,"",HS2007,oecd_cleg_2014,c806426ba337f6eb613403e3645104d27ce3d4bc9997db726e789b2983ba6b58,Annex 1 PDF printed page 55,cleg_annex_anchored_hs6_category_v1,reviewed
871200,main,CRE,"",HS2007,oecd_cleg_2014,c806426ba337f6eb613403e3645104d27ce3d4bc9997db726e789b2983ba6b58,Annex 1 PDF printed page 55,cleg_annex_anchored_hs6_category_v1,reviewed
871411,main,CRE,"",HS2007,oecd_cleg_2014,c806426ba337f6eb613403e3645104d27ce3d4bc9997db726e789b2983ba6b58,Annex 1 PDF printed page 55,cleg_annex_anchored_hs6_category_v1,reviewed
871419,main,CRE,"",HS2007,oecd_cleg_2014,c806426ba337f6eb613403e3645104d27ce3d4bc9997db726e789b2983ba6b58,Annex 1 PDF printed page 55,cleg_annex_anchored_hs6_category_v1,reviewed
871420,main,CRE,"",HS2007,oecd_cleg_2014,c806426ba337f6eb613403e3645104d27ce3d4bc9997db726e789b2983ba6b58,Annex 1 PDF printed page 55,cleg_annex_anchored_hs6_category_v1,reviewed
871491,main,CRE,"",HS2007,oecd_cleg_2014,c806426ba337f6eb613403e3645104d27ce3d4bc9997db726e789b2983ba6b58,Annex 1 PDF printed page 55,cleg_annex_anchored_hs6_category_v1,reviewed
871492,main,CRE,"",HS2007,oecd_cleg_2014,c806426ba337f6eb613403e3645104d27ce3d4bc9997db726e789b2983ba6b58,Annex 1 PDF printed page 55,cleg_annex_anchored_hs6_category_v1,reviewed
871493,main,CRE,"",HS2007,oecd_cleg_2014,c806426ba337f6eb613403e3645104d27ce3d4bc9997db726e789b2983ba6b58,Annex 1 PDF printed page 55,cleg_annex_anchored_hs6_category_v1,reviewed
871494,main,CRE,"",HS2007,oecd_cleg_2014,c806426ba337f6eb613403e3645104d27ce3d4bc9997db726e789b2983ba6b58,Annex 1 PDF printed page 55,cleg_annex_anchored_hs6_category_v1,reviewed
871495,main,CRE,"",HS2007,oecd_cleg_2014,c806426ba337f6eb613403e3645104d27ce3d4bc9997db726e789b2983ba6b58,Annex 1 PDF printed page 55,cleg_annex_anchored_hs6_category_v1,reviewed
871496,main,CRE,"",HS2007,oecd_cleg_2014,c806426ba337f6eb613403e3645104d27ce3d4bc9997db726e789b2983ba6b58,Annex 1 PDF printed page 55,cleg_annex_anchored_hs6_category_v1,reviewed
871499,main,CRE,"",HS2007,oecd_cleg_2014,c806426ba337f6eb613403e3645104d27ce3d4bc9997db726e789b2983ba6b58,Annex 1 PDF printed page 55,cleg_annex_anchored_hs6_category_v1,reviewed
871639,main,CRE,"",HS2007,oecd_cleg_2014,c806426ba337f6eb613403e3645104d27ce3d4bc9997db726e789b2983ba6b58,Annex 1 PDF printed page 55,cleg_annex_anchored_hs6_category_v1,reviewed
900190,main,REP,"",HS2007,oecd_cleg_2014,c806426ba337f6eb613403e3645104d27ce3d4bc9997db726e789b2983ba6b58,Annex 1 PDF printed page 55,cleg_annex_anchored_hs6_category_v1,reviewed
900290,main,REP,"",HS2007,oecd_cleg_2014,c806426ba337f6eb613403e3645104d27ce3d4bc9997db726e789b2983ba6b58,Annex 1 PDF printed page 55,cleg_annex_anchored_hs6_category_v1,reviewed
901380,main,REP,"",HS2007,oecd_cleg_2014,c806426ba337f6eb613403e3645104d27ce3d4bc9997db726e789b2983ba6b58,Annex 1 PDF printed page 55,cleg_annex_anchored_hs6_category_v1,reviewed
901390,main,REP,"",HS2007,oecd_cleg_2014,c806426ba337f6eb613403e3645104d27ce3d4bc9997db726e789b2983ba6b58,Annex 1 PDF printed page 55,cleg_annex_anchored_hs6_category_v1,reviewed
902830,main,HEM,"",HS2007,oecd_cleg_2014,c806426ba337f6eb613403e3645104d27ce3d4bc9997db726e789b2983ba6b58,Annex 1 PDF printed page 56,cleg_annex_anchored_hs6_category_v1,reviewed
902890,main,HEM,"",HS2007,oecd_cleg_2014,c806426ba337f6eb613403e3645104d27ce3d4bc9997db726e789b2983ba6b58,Annex 1 PDF printed page 56,cleg_annex_anchored_hs6_category_v1,reviewed
903289,main,REP,"",HS2007,oecd_cleg_2014,c806426ba337f6eb613403e3645104d27ce3d4bc9997db726e789b2983ba6b58,Annex 1 PDF printed page 56,cleg_annex_anchored_hs6_category_v1,reviewed
940510,main,HEM,"",HS2007,oecd_cleg_2014,c806426ba337f6eb613403e3645104d27ce3d4bc9997db726e789b2983ba6b58,Annex 1 PDF printed page 56,cleg_annex_anchored_hs6_category_v1,reviewed
940520,main,HEM,"",HS2007,oecd_cleg_2014,c806426ba337f6eb613403e3645104d27ce3d4bc9997db726e789b2983ba6b58,Annex 1 PDF printed page 56,cleg_annex_anchored_hs6_category_v1,reviewed
940540,main,HEM,"",HS2007,oecd_cleg_2014,c806426ba337f6eb613403e3645104d27ce3d4bc9997db726e789b2983ba6b58,Annex 1 PDF printed page 56,cleg_annex_anchored_hs6_category_v1,reviewed
