"variable_id","variable_name_cn","symbol","level","frequency","role","definition","formula","source","coverage","transformation","lag","missing_rule","mechanical_overlap_rule","status"
"green_import_value","绿色产品进口额","M_green_ct","经济体-年份","年度","处理变量基础项","按冻结绿色产品清单汇总的进口额","sum_jp M_cjpt for p in green list","CEPII BACI","核心与扩展样本；1996-2024","当期美元；主回归按GDP归一化并可用IHS","t","总体贸易报告异常时不把零视为真实零","作为产业结果处理变量时结果至少从t+3开始","设计冻结；产品映射需数据核验"
"green_import_intensity","绿色进口强度","GMI_ct","经济体-年份","年度","外部暴露分项","绿色产品进口相对经济规模","GreenImports_ct/GDP_ct","CEPII BACI；WDI","核心与扩展样本；2000-2024","ln(1+x)后基期固定稳健z","t","进口或GDP缺失则缺失，不插补","绿色贸易结果中报告替代尺度","设计冻结"
"green_product_complexity","绿色产品复杂度","GPCI_pt","产品-年份","年度","外部暴露分项","由全球出口网络估计的产品复杂度","按经济复杂度方法从经济体-产品RCA网络迭代计算","CEPII BACI","HS6；1996-2024","产品年份标准化；进入进口组合时滞后一期","t-1","产品网络覆盖不足时缺失","不使用进口经济体当年结果构造滞后复杂度","设计冻结；算法细节需可行性核验"
"green_import_complexity","绿色进口组合复杂度","GIC_ct","经济体-年份","年度","外部暴露分项","进口组合按产品份额加权的滞后绿色产品复杂度","sum_p ImportShare_cpt*GPCI_p,t-1","CEPII BACI","核心与扩展样本；2000-2024","基期固定稳健z","t","进口为零或覆盖异常时缺失","产品复杂度使用t-1","设计冻结"
"green_import_capability","绿色进口能力指数","GIMC_ct","经济体-年份","年度","外部暴露分项","绿色进口强度和进口组合复杂度的等权指数","0.5*z0[ln(1+GreenImports/GDP)]+0.5*z0[GreenImportComplexity]","CEPII BACI；WDI","核心与扩展样本；2000-2024","基期固定稳健z","t","任一确认性分项缺失则缺失","不直接作为同年绿色出口结果","设计冻结"
"green_fva_dependence","绿色产业加权外国增加值依赖","GFVAD_ct","经济体-年份","年度","外部暴露分项","绿色相关行业最终需求中的外国增加值依赖，按固定绿色行业权重聚合","sum_s GreenIndustryWeight_cs0*(FVA_cst/TotalVA_cst)","OECD TiVA/ICIO 2025","约80个经济体；1995-2022","行业聚合后基期固定稳健z","t","不插补处理或指数分项","国内增加值结果的GAD必须剔除本项","设计冻结；精确字段映射需数据核验"
"external_green_exposure","外部绿色能力暴露","E_ct","经济体-年份","年度","GAD构成","进口绿色能力与外国增加值依赖的综合暴露","0.5*GIMC_ct+0.5*GFVAD_ct","BACI；OECD TiVA/ICIO；WDI","GAD-Core；2000-2022","分项已基期固定标准化","t","任一分项缺失则缺失","按结果执行留一组成项版本","设计冻结"
"green_works","绿色科学作品数","GreenWorks_ct","经济体-年份","年度","国内能力基础项","命中冻结绿色主题且作者机构归属该经济体的学术作品数","full count by institution country；fractional count for robustness","OpenAlex API","核心与扩展样本；覆盖期按API核验","主口径全计数；稳健性分数计数","t","仅在总体研究记录覆盖正常时把零视为真实零","绿色科学作为结果时GAD剔除GSCI","设计冻结；主题ID与API字段需冻结"
"green_science_stock","国内绿色科学能力","GSCI_ct","经济体-年份","年度","GAD构成","五年衰减的每百万人绿色科学作品存量","ln[1+sum_k=0^4(0.8^k*GreenWorks_c,t-k)/(Population_ct/1e6)]","OpenAlex API；WDI","核心与扩展样本；2000-2024","基期固定稳健z","t","GreenWorks或人口缺失则缺失","绿色科学结果的GAD剔除本项","设计冻结"
"green_upstream_diversity","绿色上游多样性","GUD_ct","经济体-年份","年度","供应商能力分项","具有RCA优势的绿色上游或中间投入产品数量或加权多样性","sum_p 1(RCA_cpt>=1) for frozen upstream green products","CEPII BACI；UN BEC；CLEG","核心与扩展样本；2000-2024","规模调整后基期固定稳健z","t","总体出口报告异常时缺失","绿色出口与供应商结果的GAD剔除SUPP","设计冻结；BEC映射需核验"
"green_relatedness_density","绿色相关密度","GRD_ct","经济体-年份","年度","供应商能力分项","经济体既有生产能力接近潜在绿色上游产品的产品空间密度","按产品共现邻近度加权的潜在绿色产品密度","CEPII BACI","核心与扩展样本；2000-2024","基期固定稳健z","t","生产网络覆盖不足时缺失","绿色出口与供应商结果的GAD剔除SUPP","设计冻结；邻近度算法需复现核验"
"domestic_supplier_capability","本土绿色供应商能力","SUPP_ct","经济体-年份","年度","GAD构成","绿色上游多样性与相关密度等权综合","0.5*z0(GUD_ct)+0.5*z0(GRD_ct)","CEPII BACI；UN BEC；CLEG","核心与扩展样本；2000-2024","基期固定稳健z","t","任一确认性分项缺失则缺失","绿色出口复杂度、RCA进入或供应商深化结果的GAD剔除本项","设计冻结"
"technical_skills","技术职业技能供给","SKILL_ct","经济体-年份","年度","H4机制变量","技术人员、技工和机器操作人员的就业或占比代理","按可比职业分类聚合的技术职业就业占比","ILOSTAT bulk","国家年份覆盖不平衡","统一职业分类；基期标准化","t-1","不插补；仅使用可比年份","不进入确认性主GAD","字段映射与覆盖需数据核验"
"domestic_absorptive_capacity","国内绿色吸收能力","A_ct","经济体-年份","年度","GAD构成","绿色科学与供应商能力综合指数","0.5*GSCI_ct+0.5*SUPP_ct","OpenAlex；BACI；WDI","核心与扩展样本；2000-2024","分项已基期固定标准化","t-1进入Gap","任一分项缺失则缺失","按结果执行留一组成项版本","设计冻结"
"absorptive_gap","绿色吸收能力缺口","Gap_ct","经济体-年份","年度","GAD流量","当期外部能力暴露超过前一期国内吸收能力的净缺口","E_ct-A_c,t-1","综合构造","GAD-Core；2000-2022","同一固定标准化量纲","E在t；A在t-1","不跨缺失计算","按结果使用留一组成项E或A","设计冻结"
"gad_core","绿色吸收债务核心版","GAD_ct","经济体-年份","年度","核心状态变量","能力缺口经衰减累积且下界为零的债务存量","max(0,rho*GAD_c,t-1+Gap_ct)；rho=2^(-1/5)","BACI；OECD TiVA/ICIO；OpenAlex；WDI","约70-80个匹配经济体；2000-2022；1996-1999初始化","基期固定稳健z分项；5年半衰期","t-1进入异质性模型","不跨缺口递推；重启后删除3个暖启动年","按结果构造留一组成项版本","设计冻结"
"green_net_import_reliance","绿色净进口依赖","GNIR_ct","经济体-年份","年度","GAD-Lite分项","绿色进口占绿色双向贸易的比例","GreenImports_ct/(GreenImports_ct+GreenExports_ct)","CEPII BACI","150个以上经济体；2000-2024","边界值审计后基期固定稳健z","t","进出口均为零或贸易覆盖异常时缺失","不能称为外国增加值依赖","设计冻结"
"gad_lite","绿色吸收债务扩展版","GADLite_ct","经济体-年份","年度","扩展状态变量","以绿色净进口依赖替代GFVAD的动态能力债务","按GAD递推式，以GNIR替代GFVAD","BACI；OpenAlex；WDI","150个以上经济体；2000-2024","与核心版一致的固定规则","t-1进入描述和扩展模型","不跨缺失递推；重启后删除3个暖启动年","必须明确标注Lite，不能冒充TiVA版本","设计冻结；需在核心重叠样本验证"
"partner_green_export_shock","伙伴绿色出口供给冲击","g_jpt_minus_c","供应国-产品-年份-目的地","年度","IV冲击项","供应国对除目的地c以外市场的产品出口相对增长，净去全球产品年增长","symmetric_growth(Exports_jp to destinations excluding c)-GlobalProductYearGrowth_pt","CEPII BACI","HS6绿色产品；2000-2022","对称增长率；极小单元按冻结门槛处理","t","必要基期或出口缺失则不构造","排除目的地c；控制伙伴非绿色冲击","设计冻结"
"shift_share_iv","伙伴供给冲击Shift-share工具变量","Z_ct","经济体-年份","年度","主工具变量","固定历史进口份额加权的伙伴绿色出口供给冲击","sum_jp s_cjp,1996-1999*g_jpt_minus_c","CEPII BACI","主样本；2000-2022","固定1996—1999年份额；2000—2004年为替代基期","t","份额或冲击缺失则缺失，不插补","不使用当期份额；报告Rotemberg权重","设计冻结"
"cumulative_mismatch_shock","累积错配冲击","CMZ_ct","经济体-年份","年度","H3简约式处理","供给冲击按低吸收能力和五年衰减加权的累积暴露","sum_l=0^4 rho^l*Z_c,t-l*[1-Rank(A_c,t-l-1)]","BACI；OpenAlex；WDI","主样本；2000-2022","吸收能力秩标准化；rho同GAD","t及历史4期","任一必要滞后缺失则该窗口缺失","GAD工具化仅为次要规格；主证据为简约式","设计冻结"
"renewable_capacity_additions","可再生能源新增装机","REAdd_ct","经济体-年份-技术","年度","H1主要结果","年度可再生能源新增装机容量","Capacity_ct-Capacity_c,t-1；或官方新增值","IRENASTAT","公开覆盖经济体；截至当前发布版","人均、占既有容量或IHS口径","t至t+3","不插补结果；负值按退役定义审计","不进入GAD","设计冻结；字段需下载后核验"
"energy_intensity","能源强度","EI_ct","经济体-年份","年度","H1次级结果","单位经济产出的能源使用强度","WDI官方指标","World Development Indicators","公开覆盖；2000-2022主期","对数或百分比变化","t至t+3","不插补结果","不进入GAD","字段代码需下载后冻结"
"co2_intensity","二氧化碳排放强度","CO2I_ct","经济体-年份","年度","H1主要结果","二氧化碳排放相对GDP","CO2_emissions_ct/GDP_ct","World Development Indicators","公开覆盖；2000-2022主期","对数或百分比变化","t至t+3","不插补结果","不进入GAD","字段代码需下载后冻结"
"future_green_rca_entry","未来绿色RCA新进入","RCAEntry_cpt","经济体-产品-年份","年度","H2/H3产业结果","基期未具RCA优势的绿色产品在未来达到RCA阈值","1(RCA_c,p,t+h>=1 and RCA_c,p,t-1<1)","CEPII BACI","核心与扩展贸易样本","产品层二元值后经济体汇总","t+3至t+8","贸易覆盖异常则缺失","使用剔除SUPP的GAD","设计冻结"
"green_export_complexity","绿色出口复杂度","GEC_ct","经济体-年份","年度","H2/H3产业结果","经济体绿色出口组合的产品复杂度","sum_p ExportShare_cpt*GPCI_pt","CEPII BACI","核心与扩展贸易样本；2000-2024","基期固定稳健z或水平变化","t+3至t+8","贸易覆盖异常则缺失","使用剔除SUPP的GAD","设计冻结"
"green_export_share","绿色出口占比","GES_ct","经济体-年份","年度","H2/H3产业结果","绿色产品出口占全部商品出口","GreenExports_ct/TotalExports_ct","CEPII BACI","核心与扩展贸易样本；2000-2024","IHS或比例变化","t+3至t+8","总体出口覆盖异常则缺失","使用剔除SUPP的GAD","设计冻结"
"domestic_value_added_share","国内增加值获取","DVAS_ct","经济体-行业-年份","年度","价值获取结果","最终需求或出口中的国内增加值占比","DVA_cst/TotalVA_cst后按固定绿色行业权重聚合","OECD TiVA/ICIO 2025","约80个经济体；1995-2022","比例或百分点变化","t+3至可用窗口","不插补结果","使用剔除GFVAD的GAD","设计冻结；精确指标字段需核验"
"green_import_disruption_loss","绿色进口中断损失","GIDL_ct","经济体-年份","年度","H3脆弱性结果","负向伙伴绿色出口冲击引起的绿色进口下降","负向Z或伙伴事件与绿色进口响应构造","CEPII BACI","主样本；2000-2022","IHS或累计响应","t至t+3","不插补结果","报告对非绿色进口的安慰剂","设计冻结；事件口径需预分析冻结"
"renewable_deployment_disruption_loss","可再生能源部署中断损失","RDDL_ct","经济体-年份","年度","H3脆弱性结果","负向伙伴绿色出口冲击引起的新增装机下降","负向Z与IRENA新增装机响应构造","CEPII BACI；IRENASTAT","主样本；2000-2022","累计响应","t至t+3","不插补结果","不进入GAD","设计冻结；有效事件数量需核验"
"green_industrial_upgrading_index","绿色产业升级综合指数","GIU_ct","经济体-年份","年度","H2阈值选择唯一结果","未来绿色RCA进入、出口复杂度和绿色出口占比的等权综合","mean[z0(RCAEntry),z0(GEC),z0(GES)]","CEPII BACI","主样本；2000-2022可用前瞻期","方向统一后等权标准化","t+3至t+8","任一分项缺失时主口径缺失；分项分别报告","使用剔除SUPP的GAD；阈值一经选择对全部结果冻结","设计冻结"
"gdp_per_capita","人均GDP","GDPpc_ct","经济体-年份","年度","滞后控制/异质性","人均经济发展水平","GDP_current_or_constant/Population","World Development Indicators","公开覆盖","对数；收入组另按2000年固定","t-1","仅允许单年有界插值；完全案例稳健性","不作为GAD分项","字段代码需冻结"
"population","人口","POP_ct","经济体-年份","年度","尺度变量/控制","年中总人口","WDI官方指标","World Development Indicators","公开覆盖","对数；也作人均分母","t或t-1按用途","仅控制项允许单年有界插值","不作为结果","字段代码需冻结"
"industry_share","工业增加值占比","IND_ct","经济体-年份","年度","滞后控制","工业增加值占GDP比重","WDI官方指标","World Development Indicators","公开覆盖","比例","t-1","仅允许单年有界插值；完全案例稳健性","不加入当期中介","字段代码需冻结"
"trade_openness","贸易开放度","OPEN_ct","经济体-年份","年度","滞后控制","商品与服务进出口相对GDP","(Exports+Imports)/GDP","World Development Indicators；BACI","公开覆盖","对数或比例","t-1","仅允许单年有界插值；完全案例稳健性","避免与绿色进口强度完全共线","设计冻结"
"renewable_energy_share","可再生能源份额","RENShare_ct","经济体-年份","年度","滞后控制/基线状态","可再生能源在装机、发电或最终能源中的份额","按IRENA或WDI冻结口径","IRENASTAT；WDI","公开覆盖","比例","t-1","仅控制项允许单年有界插值","不加入t期中介","字段需可行性核验"
"climate_policy_stringency","气候或环境政策严格度","POLICY_ct","经济体-年份","年度","控制/异质性","气候政策采用或环境政策严格度","按数据库官方指标或冻结聚合","Climate Policy Database；OECD EPS","CPD约42经济体较完整；EPS约40国至2020","标准化","t-1","不扩张主样本；缺失时主模型不强制纳入","政策可能受过去结果影响，限滞后与稳健性","覆盖与字段需数据核验"
