"source_id","source_name","provider","research_role","main_variables","coverage","access_method","public_access","auth_requirement","expected_size_gb","dataset_version","license_or_terms","direct_or_landing_url","update_or_freeze_rule","known_limitations","status"
"baci_hs96","BACI HS96","CEPII","双边HS6贸易；初始化期；分类协调；产品网络；工具变量","绿色进出口、基期份额、GPCI、产品空间、伙伴供给冲击","约200个经济体、约5000产品；1996起至当前版可用期","官方下载ZIP；按块读取CSV并筛选","是","无","2.381压缩，正式下载前复核","202601或下载时最新冻结版","Etalab Open Licence 2.0；以官方页面为准","https://www.cepii.fr/DATA_DOWNLOAD/baci/doc/baci_webpage.html","冻结文件名、发布日期、响应头、SHA-256与下载日期","2007年后需与HS07链式协调；最新年可能为临时数据","已登记；未下载"
"baci_hs07","BACI HS07","CEPII","双边HS6贸易；2007后主数据；产品网络；工具变量","绿色进出口、GPCI、产品空间、伙伴供给冲击","约200个经济体、约5000产品；2007起至2024附近","官方下载ZIP；按块读取CSV并筛选","是","无","1.680压缩，正式下载前复核","202601或下载时最新冻结版","Etalab Open Licence 2.0；以官方页面为准","https://www.cepii.fr/DATA_DOWNLOAD/baci/doc/baci_webpage.html","冻结文件名、发布日期、响应头、SHA-256与下载日期","2007-2010用于与HS96重叠校准；最新年可能为临时数据","已登记；未下载"
"oecd_icio_2025","OECD Inter-Country Input-Output Tables 2025 edition","OECD","行业投入产出结构与必要的增加值来源计算","GFVAD、国内增加值、行业权重核验","80个经济体加世界其他地区、50项活动；1995-2022","官方页面下载精选表或必要矩阵","是","通常无需账户；具体下载端点复核","3-10精选处理预算","2025 edition；页面注明2026-01修订","公开访问；遵守OECD数据使用条款","https://www.oecd.org/en/data/datasets/inter-country-input-output-tables.html","冻结修订日期、表名、行业分类、下载文件与SHA-256","完整矩阵展开可能很大；绿色产品只能近似映射到行业","已登记；字段与文件需核验"
"oecd_tiva_mainlv","OECD Trade in Value Added principal indicators","OECD","外国与国内增加值依赖主指标","FVA、DVA、最终需求增加值来源","约80个经济体；截至2022","OECD Data Explorer导出或API","是","通常无需账户；端点要求复核","包含在OECD 3-10预算内","2025 edition","公开访问；遵守OECD数据使用条款","https://data-explorer.oecd.org/vis?bp=true&df%5Bag%5D=OECD.STI.PIE&df%5Bds%5D=dsDisseminateFinalDMZ&df%5Bid%5D=DSD_TIVA_MAINLV%40DF_MAINLV&df%5Bvs%5D=1.1","冻结数据流ID、维度、单位、版本与下载日期","行业层面不能精确识别全部绿色产品；指标定义需逐项核验","已登记；字段需核验"
"openalex_works_api","OpenAlex Works API","OurResearch/OpenAlex","国内绿色科学能力","GreenWorks、GSCI、全计数与分数计数","全球作品、机构和主题；动态更新","API主题过滤、group_by或仅命中记录分页","是","免费API key；受免费日限额约束","1-8；超过8改用服务端聚合","查询日冻结快照逻辑","遵守OpenAlex许可与API条款","https://developers.openalex.org/api-reference/works/list-works","冻结主题ID、过滤器、查询参数、游标、日期与响应元数据","主题体系和机构归属会更新；零值需总体覆盖审计","已登记；未查询"
"openalex_snapshot_reference","OpenAlex full snapshot size reference","OurResearch/OpenAlex","仅用于容量风险判断，不下载","无","全球全量","官方快照说明页","是","无","约330压缩、约1600解压；禁止下载","当前说明页","遵守OpenAlex许可与下载条款","https://developers.openalex.org/download/snapshot-format","每次规划时复核量级","单独即超过本项目150GB上限","禁止下载"
"irena_downloads","IRENA renewable energy data","IRENA","短期绿色部署结果","可再生能源装机、新增装机、技术分类","全球经济体；当前发布版","官方Excel/CSV下载或PxWeb API","是","无","小于0.5预计","下载时最新冻结版","遵守IRENA数据使用条款","https://www.irena.org/Data/Downloads/Tools","冻结发布版、技术分类、单位和下载日期","修订、退役和净新增定义需核验；经济体代码需映射","已登记；字段需核验"
"irenastat_pxweb","IRENASTAT PxWeb","IRENA","可再生能源容量与发电API入口","容量、发电、地区、技术","全球；示例页面为2025 H2发布","PxWeb查询与原始响应缓存","是","无","小于0.5预计","查询时冻结具体表版本","遵守IRENA数据使用条款","https://pxweb.irena.org/pxweb/en/IRENASTAT/IRENASTAT__Power%20Capacity%20and%20Generation/Region_ELECSTAT_2025_H2_PX.px/","冻结表名、查询JSON、单位和下载日期","表路径会随发布版变化；API行数限制需测试","已登记；API需可行性核验"
"wdi_api","World Development Indicators API","World Bank","宏观尺度、结果和控制","GDP、人口、能源强度、CO2强度、工业占比、贸易开放","全球经济体；年度","公开API分指标下载","是","无","小于0.5预计","查询时最新冻结版","World Bank开放数据条款","https://datahelpdesk.worldbank.org/knowledgebase/articles/889392","冻结指标代码、查询日期、单位和原始响应","历史值可能修订；部分能源与排放指标存在时滞","已登记；指标代码需冻结"
"ilostat_bulk","ILOSTAT bulk download","International Labour Organization","H4技能机制","技术人员、技工、机器操作人员就业或占比","全球但经济体年份不平衡","官方bulk CSV下载","是","无","小于1预计","下载时最新冻结版","遵守ILOSTAT使用条款","https://ilostat.ilo.org/data/bulk/","冻结指标、职业分类版本、单位与下载日期","职业分类和覆盖不平衡；没有直接全球绿色职业指标","已登记；只作机制"
"climate_policy_database","Climate Policy Database","NewClimate Institute及合作方","政策控制和异质性","气候政策采用、政策工具与部门覆盖","最新版2025；约42个经济体较完整","公开下载、API或Zenodo版本","是","下载端点要求复核","小于0.5预计","2025版或实际下载时冻结版","以法律与许可页面为准","https://climatepolicydatabase.org/about-legal","冻结版本、政策编码、下载日期和许可","覆盖不足以决定主样本；政策强度聚合需透明","已登记；只作控制或稳健性"
"oecd_eps","OECD Environmental Policy Stringency Index","OECD","政策严格度稳健性","EPS指数及分项","约40国；1990-2020","官方公开下载","是","通常无","小于0.2预计","当前公开版","公开访问；遵守OECD数据使用条款","https://www.oecd.org/en/topics/sub-issues/economic-policies-to-foster-green-growth/how-stringent-are-environmental-policies.html","冻结指标版、单位和下载日期","覆盖和截止年有限；不进入主样本必要条件","已登记；只作稳健性"
"oecd_cleg","Combined List of Environmental Goods","OECD","绿色产品主分类","CLEG 248及REP、HEM、CRE类别","HS产品清单；报告2013","官方PDF提取并人工复核","是","无","小于0.01","COM/TAD/ENV/JWPTE(2013)33/FINAL","公开文件；遵守OECD使用条款","https://one.oecd.org/document/COM/TAD/ENV/JWPTE%282013%2933/FINAL/En/pdf","冻结原表、页码、产品代码和类别","历史HS版本需对应；类别边界包含非设备型环境产品","已登记；需提取复核"
"wits_concordance","WITS product concordance","World Bank WITS","HS版本协调","HS96-HS07等产品对应","多版商品分类","公开网页/下载","是","可能无需账户；实际端点复核","小于0.1","下载时冻结版","遵守WITS使用条款","https://wits.worldbank.org/product_concordance.html","冻结来源版本、映射方向与一对多处理","一对多和多对一映射可能引入权重选择","已登记；需与UNSD交叉核验"
"unsd_hs_conversion","HS correlation and conversion tables","United Nations Statistics Division","HS版本协调官方核验","HS各版本对应表","HS修订版之间","官方下载表","是","无","小于0.1","下载时冻结版","遵守UNSD数据使用条款","https://unstats.un.org/unsd/trade/conversions/hs%20correlation%20and%20conversion%20tables.htm","冻结表版本、方向、冲突与权重规则","转换不总是一对一；价值分配需透明","已登记；需下载核验"
"un_bec","UN Broad Economic Categories","United Nations Statistics Division","识别绿色上游和中间投入","BEC最终用途分类与HS对应","多版商品分类","官方网页和对应表","是","无","小于0.1","下载时冻结版","遵守UNSD数据使用条款","https://unstats.un.org/unsd/trade/classifications/bec.asp","冻结BEC版本、HS对应和用途规则","BEC不是绿色分类；只能与CLEG交叉使用","已登记；需下载核验"
"apec_environmental_goods_54","APEC List of Environmental Goods","APEC Secretariat","狭义绿色产品清单稳健性","54个HS六位环境产品子目","2012年清单；同时列示HS2002、HS2007与HS2012","官方Annex C网页或PDF","是","无","小于0.01","2012 Leaders Declaration Annex C","公开访问；遵守APEC网站使用条款","https://www.apec.org/meeting-papers/leaders-declarations/2012/2012_aelm/2012_aelm_annexc","冻结Annex C、54个子目、HS版本和获取日期","部分子目带EX-OUT或附加产品说明；HS六位代码可能宽于实际承诺产品范围","已登记；需提取复核"
"openalex_initialization_aggregates","OpenAlex Works API initialization aggregates","OurResearch/OpenAlex","绿色科学存量初始化","国家-年份绿色作品与总作品数","1992-1995","同一Works API的59主题group_by服务端聚合","是","免费API key可选","小于0.125","20260823 topic registry v1","遵守OpenAlex许可与API条款","https://api.openalex.org/works","冻结主题ID、完整国家参与计数、include_xpac=false、响应哈希与路由证据","仅为已登记OpenAlex家族的四年有界补充；禁止快照下载","已登记；已批准初始化补充"
"oecd_tiva_dfd_fva_history","OECD TiVA DFD_FVA initialization supplement","OECD","外国增加值依赖初始化分子","DFD_FVA世界对手方USD百万美元水平","1995-1999","冻结SDMX-CSV查询","是","无","小于0.125","DSD_TIVA_MAINLV 1.1","公开访问；遵守OECD数据使用条款","https://sdmx.oecd.org/sti-public/rest/data/OECD.STI.PIE,DSD_TIVA_MAINLV@DF_MAINLV,1.1/DFD_FVA...W.USD.A","冻结指标、数据流1.1、维度、单位、年份、响应哈希与路由证据","仅为已登记OECD TiVA家族的早期年份补充","已登记；已批准初始化补充"
"oecd_tiva_fd_va_full","OECD TiVA FD_VA bounded supplement","OECD","外国增加值依赖分母","FD_VA世界对手方USD百万美元水平","1995-2022","冻结SDMX-CSV查询","是","无","小于0.125","DSD_TIVA_MAINLV 1.1","公开访问；遵守OECD数据使用条款","https://sdmx.oecd.org/sti-public/rest/data/OECD.STI.PIE,DSD_TIVA_MAINLV@DF_MAINLV,1.1/FD_VA...W.USD.A","冻结指标、数据流1.1、维度、单位、年份、响应哈希与路由证据","仅为已登记OECD TiVA家族的单指标有界补充","已登记；已批准初始化补充"
